Search String,Search Engine,link,title,timestamp,Media,Link,timeStamp
Tata Lawsuits,Google,www.news.google.com./read/CBMi4AFBVV95cUxNck5OTjlZMXhyYVg2TVN1THV6cVlPaWgySmVqU3Q1WjdOLXVlRFNsQzFDVEFjcXhrVG9xWHpZV3dvVDExM1QzSXgzUkdIV3pHUmxNYkQ2UjZwcFV6dWczWnhaQnN0WUhYWGdIN21QMTRwa0E4ZUlYcjduU3I0empQTXQ1MWxQV2FnU2l6WXh2UVVwX1paM1VzTTZGanFZTjIxSVNza01Db3VoYllTVVIxb0JQSG5VN19kLU5oWjRGQTAxb29vMU5JMWZlVG1ydGlCYVdKLTVVWE92V1AtX1FKM9IB5gFBVV95cUxNLTZ5M0tmSzB1aE8yLUFXbERPbVNHTlNGU015NDQtZmRRWldSZVJLSE5XZUdJWjlYZTdyOUFtSlBCeGdUb2ZXME1EckpsWXM2UkM4QkI3YVFzTmtDWmJpYk1pdlRVUlF6cFQ1MWlYUUN0aVF1ZDNrUHpaNDRURmdNNi14RGpGUDNWVjVTeFlWdk8yaWdETl83Ym03NWdmTERERXE1cG1HSVBHOTB4WTBqenRfNXRsVHVrOWlhYURJenNfWEI1emxjMXpnTjN2MDktWFpUdzNMTjNHR2JBRVFndmFwM2tMdw?hl=en-IN&gl=IN&ceid=IN%3Aen,IT services' focus on building IP and platforms may trigger more lawsuits,2024-10-10T07:00:00Z,Business Standard,,
Tata Lawsuits,Google,www.news.google.com./read/CBMiqwFBVV95cUxPZy00azZBM3VFazEwWU5rUmhPMVpOYnRYNWRWSnBacmVGWlFmR1NKRU5semJ4WnhMWXFqRC1BOW0zRzhfMGR2OXNQUWo5N2RSaEpObUVkM180YlE0RXk1ZHlGSUdSUVB3dkJBbGxNWXFUY0xkTTNBTlkzM2JCM0FsaC1TNXBwbDR0ZkVhWGd4eHRDZng5UEE2LTcwOTBxSVczeVlLbEhKdFkzR03SAbIBQVVfeXFMTWotUEYwYlN2VU0zZ3VyTldpMzhwRUxCMzROWnRDUmVqQl9jNGdla2xRUnVnTktrb256azF2VURsY042RFBhREh6Wmw1Q29WemNFOTQ0Q1BYZUlueTV4Y0NRdXg5eUFsOGY2TVVGTVFIMTRaQ3pWblhPRXl4Y2EwRUNMVnlTbXBhME5MeDhKYWtHQ0xJMmc3Y19udzM4S19fNGpQYlZocEszdzd4clR2d3JkZw?hl=en-IN&gl=IN&ceid=IN%3Aen,"From Singur, Mistry, Tata Tapes to Wadia: 5 controversies during Ratan Tata’s tenure",2024-10-11T07:00:00Z,The Indian Express,,
Tata Lawsuits,Google,www.news.google.com./read/CBMiogJBVV95cUxQaHI5dVJGbmtBVFU2Nkp4QkpKTjlHdTdTamF6VGtmN3JuenBBOHlqZloxVXBiUVR3RkZpNXplc1FhMmcySjJTOWtMZHFmMERKVFhoV19sVTNMQl9yR2l4NllRdWxCdS1SZm52ZjYxOFo2X19KRGFOZzJqNUVvQTZfRm5ObERwZkJaVTlRSlFhUXhPMmhwc3NoMDJ6Z3R5UVZWaFJXZ3YzbmVmWDc2M19NVjN1cjdYTFQ2N3ZiVDZQMUpoQmVzdk40R2lsNnFMU0h6TzN5UTZKRENNczFrLUx1NlIxZ0Z6Q1UyTDlzNkJlR3phdFVraWQ2UDNUSnlOX0I5a3RFb1dHS2pFZWRBQUs0LUowUFBzTGFZc1BwVmMzYzAxd9IBpwJBVV95cUxNUFZ6V3FCSzczQzNETzNob2xlMGVXckVRcnBOR0ZvUG9FVEF1VUtlR0NCcjZOTGZEMml5TnZBTTI5RlA5X2E5Ny0zb3hRQnRMWXJYcHhRQVBFdjB5cnJ6SmlmMElOcUVLT0dsZm1Qck1kZ0tROTViSGw3a01yOGZzU281UUR3UDFMZHpjWFFXNDdNcnk2ckp2bk9Fb3hoZlVlbFRvX29IWUY3RVloZm4yTFplY0hYRDMxYzVGclljYk5xQjlVclpDeWU3dWMyNEg4WnB5Y1RkS1RPSmZNZUhxeGhRWndfalpNZ1RLeEtXT015eDRBdFhDaFpzR05JNXFSOWlTX2dobF9YQ3VaWi1NeVpIV0lVSUwtLTVpVkNQTHFZa1IzNXl3?hl=en-IN&gl=IN&ceid=IN%3Aen,"More than 20 fired American workers have sued TCS, why and IT giant's response",2024-03-31T07:00:00Z,The Times of India,,
Tata Lawsuits,Google,www.news.google.com./read/CBMisAFBVV95cUxPdzBkUGdBbnlpdWdoby1OeFVSQzd0NWM5dm1xZDNuRzh6NDZpWFVaT0Z2MmhyMlBHcW0wUU5LUWZHMjdCdjdscG03cTFUMUoxcEo4RWo1YlhSN2JSa3ctVXdtZW5jU3hSSjNxeVVPcE53Nkt6d0VrUmFOcnduZ1BxUWo0aDhHNTUya2dEdVNVbHBhRkVDZWM5QmJlQzFwQmNDV2kzYnc5cmlqTmtnUlRNSA?hl=en-IN&gl=IN&ceid=IN%3Aen,"Tata Fired White US Workers in Favor of Visa Holders, Suit Says",2024-04-09T07:00:00Z,Bloomberg Law,,
Tata Lawsuits,Google,www.news.google.com./read/CBMi0AFBVV95cUxOS1gxX0ZwZmdRWE5MWVhMYVVnNnEwanV0aTl3aVNqcVFXdmkyMzRhVHNtWXZWbG9kV19KblRzdU1YX3RQZE9yOVJkN1g2WVUwVHczcmliRUNTV1dMaUZIbnN6ek9LZ0QtTV9TVWdsNnZ5c3g3RXI3Nl81STdfOW5hR0R4OFJoTnYyamlOOEMyVzRhWEw4THpHTEJlaEZqUGdpNE9CQV9MQ1h2aEE1U3d3SHg5dFRGYzZ5VDdjQ1NpSHF4eW1SYUZ2RWppNmFELVl10gHWAUFVX3lxTE1PYzdVSldLemtlc3hCdlpTaVVDTGtXcVVqajNMcWJOZ3VUMFlsN0poQURxYlFaUDA5M01VZ05JVHlQanJrOFZOYnZLQ0FNVi0zN0xaVTRoYnNJTnNNbUZpSUtIaXZ4SngwdUpFZ3hyckNUWWVNZ0g4VUhxcGRUU0pnMWJLbm1jQ3p6NFo2cnZqTzF6Uzh2dmlSdm9SLW95M3dtQy1CZnJ2WFpHN204TG1VUW9lNWpRbVpPVWpxMXVDQUdFT2JSci1FcDlVNno1WW9ENHJ5WEE?hl=en-IN&gl=IN&ceid=IN%3Aen,TCS accused of firing US workers in favour of Indians on H-1B visa,2024-04-12T07:00:00Z,Business Standard,,
Tata Lawsuits,Google,www.news.google.com./read/CBMivwFBVV95cUxNUUxya2ZYa2F1aWhkSVZDcE5yWHFDenIyWUVucms1X3pjMnBnRHZUM3B0a3BDX3FFZkpVMEJMeXBLZjYtUkhkOU1tTFB0ZWxEUFV3R0tWSWotRUVQcW40S1B1a19sTE5jVzdaQjdBZlBwdWlzOG9BOWVIOVZUajlmWVZQdFJQME1lUHZKeW1zSG5DT09kSDhWaE9TZVJvVlRjQzFkQ01IejlsZFAzT21ZRTdRZTdicW54QmtxTzJyY9IBxAFBVV95cUxPaFhjdjFiTGZaU1dHOUNLZGpOSUhpaXhlazUzS1dZSHJXZXRaV1FfQlJSaDhmVWtfUjBSeTc4UGQ4a2NCV3ZWNk9mZEppVUVIbFNjX3FBWGJLQ1RKZzVaNEhzN0tOMUpvcmR3LWRlQ3d5ajd4dERwVk45YUxHS2JPRHNieG94aGZMdGJBTXZTSTkwTlZ4b1NsTEVxVk9jTEVUQVJmSTJzeUphM0ZOLWhwVUpndWtkVkd0MXlUeUMxT0NkMV9I?hl=en-IN&gl=IN&ceid=IN%3Aen,TCS gets some relief in discrimination lawsuit,2023-08-22T07:00:00Z,The Economic Times,,
Tata Lawsuits,Google,www.news.google.com./read/CBMinAFBVV95cUxQSjVlMDRyOEhPVC1LN0Y2ZXppX0FDZzhfSFljdFBLQmRtVnBnVnpaR082R2JPZ2xfbWtjNUMwb2xNb0ExSW5rYmZlZ0N2OHBhTTF1WjNnM0NpbWRDVnhYdGxZYi15U1prY3J3WFZxTzVxSU1WSHBCZVJNTUMtOVRVcFpwNFJubUxxZFQwYmJMbjJaMURCNllDSG1GSl8?hl=en-IN&gl=IN&ceid=IN%3Aen,"Third court case launched against Tata Steel, calls for closure",2024-05-27T07:00:00Z,DutchNews.nl,,
Tata Lawsuits,Google,www.news.google.com./read/CBMirgFBVV95cUxNRlB3WVZpcGh4Z1BGcVlvdTE3Zl9MMGZjZlY4eFZPcGZqQVNGRW42VUVNeDZwemRrWWlXX3NsbzRkbkl0ajFuMnIxbUlORjhyYzk0eUJxRmRsNFJBUEswSnBBU3lkWWxiVjhDN203LWNCNnh2V0FDYnp4MnNVaEVoSzBBQ19zM1hwV0RqSWhYOGpTTEZhS2t2dEpYNzlLTlo4dDZpdGFfdnU5cHo5UnfSAbsBQVVfeXFMTm9qOVdxQzJkRmlhWFczZkVuaEtOem5vV204TU8yd2lrZW0wTmw0N05fV1hKY1RKajRGM20yU0ptb2xxdm9jQWVtNVYxdEJZamc4N0VqaEU1MTVUWFlFQ0Z6bVNkSXNNUlhnX0hPVnZOZE5vamtrVDBUdG1FMXBzMTY2WFJzN01UUEZ6UFdtTV9QVHFYYjJTYW9WNHhaQS11M2lvd3Z6R2NoTFdpYmU3ZlBWN014ODhOcURjSQ?hl=en-IN&gl=IN&ceid=IN%3Aen,TCS Asked To Pay $210 Million Fine To DXC Technology In Trade Secrets Row,2023-11-27T08:00:00Z,Outlook Business,,
Tata Lawsuits,Google,www.news.google.com./read/CBMi1gFBVV95cUxPN2k1MWlTQW1JZTAtMVdoOFdkODBfaG05WWk1ZjlEWjMwQVBCVF90SWdRbUZCRHF1czlOUE9RX25Vc3ZKUEZxNU1uV3lmTDVMQUdPLWJhY1EwUUVhS1BRR0YyOEQ3MDVrWWlsemh5VUJkNjZJRENlN1hsSnJDY1o1UjdWNXdoY2pqVmR6VHBSR0ZZVHdOUm5BYlQ2RUd1ZWRBRmZ6WUZpZGxPOTZxdG1PWC0xdHBRMHpsQ3FNaTM4ZTJORjBqZ0Rla1BvSFUtME9YeElkMVlR0gHbAUFVX3lxTE9XMllVcWVSQ0lGS2x4a05WQ0hYZjdpU0tNMFhYV3dZVWdrZkM5ck5Fa3U1VmhLeWxlT012U29aMnhHQW03YzRvVG9NSUFzU3FBSzJzQmVYVlZhTHY5ZDdMU25sNFl6R1VGZEt3Wkw1Z3N6dm9wemxjWnhJVVpUUkViMVZXUDcxdklocThiS3ozajB5Y1FrTU05R3YzVlpwc0Etel96djJUc3VTSm9ZakYyZXBRS3ktVUdidG9NZE5UalM0eG1GQ3UzM1hlY2VNYmM3cmhzOGljYjVoaw?hl=en-IN&gl=IN&ceid=IN%3Aen,TCS gets partial relief in racial discrimination lawsuit in US Court,2023-08-23T07:00:00Z,Mint,,
Tata Lawsuits,Google,www.news.google.com./read/CBMiuwFBVV95cUxNOXVxN0JmUG8yQnFyRWRPZlhsRkQtNGcxeGxZZHB4VWVnaUdZeUNzUnFqVm13WHZfWVJicGpyY3JWOFVwbnJjaXFDeGZNaDAydnVZYmlsQ3p1aXBTVWNnZ0xEa0JCUEYyLWRCX2xUOWZsLTZ0MEdxUGt6aFFrWk93dEVKT3BrMFVrOEpJVmM4QnJnUEdkLXZjUnk3Ml9tR05lWE95MkZGQlotUFhLc0ktNnNvZ3FpQUlUejBZ?hl=en-IN&gl=IN&ceid=IN%3Aen,US Supreme Court rejects Indian IT company's appeal in Epic trade secrets case,2023-11-21T08:00:00Z,Fierce healthcare,,
Tata Lawsuits,Yahoo,https://finance.yahoo.com/news/indias-tcs-125-million-hit-115115682.html?fr=sycsrp_catchall,India's TCS to take $125 million hit to Q3 earnings over US lawsuit,1 year ago · ,Reuters ·  via Yahoo Finance,,
Tata Lawsuits,Yahoo,https://www.yahoo.com/news/mama-tata-influencer-candice-miller-224820000.html?fr=sycsrp_catchall,Mama & Tata Influencer Candice Miller Saddled with Husband’s $33.6 Million Debt...,1 month ago · ,People ·  via Yahoo News,,
Tata Lawsuits,Yahoo,https://www.yahoo.com/news/real-estate-mogul-husband-mama-191725327.html?fr=sycsrp_catchall,"Real estate mogul, husband of Mama + Tata influencer dead at 43",7 months ago · ,NY Post ·  via Yahoo News,,
Tata Lawsuits,Yahoo,https://www.aol.com/mama-tata-influencer-candice-miller-170622813.html,Mama & Tata Influencer Candice Miller Selling $15 Million Hamptons Home 1 Month...,6 months ago · ,People ·  via AOL,,
Tata Lawsuits,Yahoo,https://www.yahoo.com/news/mama-tata-influencer-candice-miller-162003406.html?fr=sycsrp_catchall,Hundreds of Items Auctioned Off from Former Home of Mama & Tata Influencer...,1 month ago · ,People ·  via Yahoo News,,
Tata Lawsuits,Yahoo,https://finance.yahoo.com/news/tcs-revamps-organization-structure-leverage-082432871.html?fr=sycsrp_catchall,TCS Revamps Organization Structure to Leverage Domain Knowledge,2 years ago · ,Bloomberg ·  via Yahoo Finance,,
Tata Lawsuits,Yahoo,https://www.yahoo.com/tech/everything-apple-says-wrong-doj-180017657.html,Everything Apple says is wrong about the DOJ’s iPhone lawsuit,10 months ago · ,Digital Trends ·  via Yahoo News,,
Tata Lawsuits,Yahoo,https://www.yahoo.com/news/influencer-candice-miller-selling-personal-181930540.html?fr=sycsrp_catchall,Influencer Candice Miller selling personal items after late husband amassed...,1 month ago · ,The Independent ·  via Yahoo News,,
Tata Lawsuits,Yahoo,https://finance.yahoo.com/news/chief-executives-air-india-akasa-075037899.html?fr=sycsrp_catchall,"Chief executives of Air India, Akasa joust over poaching of pilots",1 year ago · ,Reuters ·  via Yahoo Finance,,
Tata Lawsuits,Yahoo,https://sports.yahoo.com/messi-still-suarez-may-rest-214315586.html?fr=sycsrp_catchall,"Messi still out, Suarez may rest for Inter Miami vs. Tigres Leagues Cup game in...",6 months ago · ,Miami Herald ·  via Yahoo Sports,,
Tata Lawsuits,Bing,,Tata's Capital Foods sues Dabur over ‘Schezwan Chutney’ trademark: Report,,Hindustan Times,https://www.hindustantimes.com/business/tatas-capital-foods-sues-dabur-over-schezwan-chutney-trademark-report-101736930903962.html,15/01/2025
Tata Lawsuits,Bing,,Here’s why Nykaa is suing Tata Cliq CEO Gopal Asthana,,MSN,https://www.msn.com/en-in/news/other/here-s-why-nykaa-is-suing-tata-cliq-ceo-gopal-asthana/ar-AA1q29B2?ocid=BingNewsVerp,05/09/2024
Tata merger,Google,www.news.google.com./read/CBMicEFVX3lxTE5qQkktdmlvTmJ2Z1NITG1IU2lIaXpVTjk3aXZTeXppVzdsbjE3SjYxU0RwczAzby1Gc2pfZ0E3ZlI2M1hYT1g5eXAwdC1nWHlRdHY4TmxFX2hjVEk2akx5SHdIV2hmWkhDX1gwU09pNlU?hl=en-IN&gl=IN&ceid=IN%3Aen,"Tata Tech, just merge with Tata Elxsi",2025-01-31T02:40:56Z,The Ken,,
Tata merger,Google,www.news.google.com./read/CBMizAFBVV95cUxPUmhaTEhoRHV0cXQwQWVPVFhtLW5QTjZXNGRPNmhEYVNQMl9yeENuRFJFRGdYSFVRQVkyMzFQOUxyNVE2SThISDhSN2U1RVFhSEFFN2lIRFdWN09RUlBYanUzTkhCbjc5c2M3dHgwMHhxTUhrZVNNaUlINURVdFRBaEZuOE1FWk5xLTB0MzBSSFE3TDdHYXZva1ZReXBYY1JhTjNDSThTMWRDdWRMQnd0dUFwbmt4ekU1YVNtY0hxc1BvZkZiY2Rna0Y4NWbSAdIBQVVfeXFMT1lGdkxiUlRkUi1YaGc2X1h6WVBNRXplb2F0dUdwYXNLY3NETXY1RVVfeTgyVURCZ0s1OVBHMzB0WUpIaFhqeTdqRldtdzc3NXlqMXdMbGRxdF9uNWEzSm16YXlTcVhfbHFRTWZNUnRKUHBGbGxlUXpfSTZLU2JzWHhIN1NHMjlVVW5BRTBDbGlnaXNGNzFKd3JZdURacXNrREFtdmczeVgxT1BYZ1NmV2kySHRpeFBjeFNoMG1icnozWURXSnlxTUtyQm1ZTm1zYnV3?hl=en-IN&gl=IN&ceid=IN%3Aen,"Tata Capital, Tata Motors Finance merger receives RBI's approval",2024-10-14T07:00:00Z,Business Standard,,
Tata merger,Google,www.news.google.com./read/CBMiwwFBVV95cUxPNEY1QmlrWkp4T01NeV9fMmJfaHVQWHFPZURpM2lCelhISUs3OUU1T3RUS1RuSUpjT1JCaXl5bDByWWp5WmtNSUctdjVCUFUyMmRrX3gtNEpWLWE0TUxDYU92anlmb0YzTU04dXlablp3WEFja0x2X0VSX1p2enF6YTdJSER1VWxvRUF6UmdYdTNIZXdNMVBwek5tT2dCb3hIUUVQRG5xXzhjdGxVQkFmMWIwT2E5RVBMRDlQS0xlSXhKSnfSAcgBQVVfeXFMTnZjZ2J1Z0tXWnBlcEZPU2lSSDRoODNRd1d4czZFd05zc1ZKa0NYZUZVNlp1QVE4NlN2YmN1NlBSVmhlNHp3emxocHp2OVRkSzJvSU9aMHZsTEpWamtERW1xa0VXMlVxS2VUSTdzOTVwZlg4U3R4VVN3UExnM2pjcDdvalF0ZWMyVkJkMVBoR3VkUm0wVWZGMXRvaUhESlhJeDk3ci1JWVotWWNmdGtDUjVUQVhqRUx6QW0tYlZ4UFhUM0xyUEtOdHg?hl=en-IN&gl=IN&ceid=IN%3Aen,Tata Sons & Singapore Airlines celebrate Vistara’s merger with Air India,2024-11-18T08:00:00Z,CNBCTV18,,
Tata merger,Google,www.news.google.com./read/CBMi4gFBVV95cUxQMFBUM0x2dkdDYjJBWHdlb3lCOG9ieWpEU0N1QlNLWTFNMFQtTUV2ZTYwbE9UdG9LR0NyZmZtNVdRSkJkdUFTbkxsekpXa212SEs3SUhlV1B1TE84TzgtekNEdXhpSGx1YUVzVGNrNVhCSzY5Um5vbklfQlZlSUtLRHlIS19NMHZzYzdXWHY3RFFXNmpCXzVveWVVSUxMR0VPQXdjMXA3eHFKMGFDV0tqSjl5VWY2dmlGU0tqcDJ0Qko5WDNhSmxmVngyRFFEZnB4ZzRsZzFfdWl2eERBT01rYl9B0gHnAUFVX3lxTE9IMFRROEVwLVQ0RmJpM2lLNUIyaTFBT1BGeXBYSWVEbENoWkttS1lqc0tlb0RnYjh6UFVHVTlpWmRMQV96TV9RQWoxbWtIb3BvYjlTNGRpTTc1NnZYX0VyRTNyR0o1UE9XaXJwN1ZQU0QwVjd6bUpKTHNHWlhmbHF5dkV6V1NkV3hfMjNFeEVjU0NRaEtlandseEFyMWxCbjFDQm1FUk1pd1JTRGNsMDdoV3I3ak1CMy1OOGxfZ055T1Z2cmZMMTdzd3hVVWdzeDEwdFA3YU13RkxtZFlfdS11dmh0NTdQWQ?hl=en-IN&gl=IN&ceid=IN%3Aen,NCLT asks two Tata NBFCs to seek merger nod from stakeholders,2024-12-07T08:00:00Z,The Economic Times,,
Tata merger,Google,www.news.google.com./read/CBMi6gFBVV95cUxPek15M1BQSHNKYl82YjkxS0ZpUzZNQ01SdmlwQ3BWdElpZkxvMkJYS3MySnVEM0l3N3ZTQnBxc1Q3Z3hoQXdSRjFpeUhwLUl3UkhmV185QlB2eDM1VGVjc2psVmhyTzVEbUZzM00wbk9WZTFDT3Iya3BCczRzYXVsakNIel9KZEtKZVNaZlpEekJxZTlyWFU4a1g0UGhRR2xja0x3MlE2blV6Z3FKY3NybmoxS0xEenMzdVpwVWNJT1g1eWJFY1FxV0Mxb3dlNjk1eTN2aklCY29uTk9nclg4bjlmTTdTMHJvLXfSAfABQVVfeXFMUFYyZ3d3dllUQVhkdXBaYWQ2ZFFXSHVER1ROZGN4NGJCREotTklDVzlPSHFsUmJITEd4ai1lMEZNU05zcWlWRFFrelNqb1BUTGlCUWU0V1hkQy1uZTVsaU1nOG9HdU9YT25DdTZyQzRPT090RnJLbkJ1SHZ2eldrVnNVaWx5SzZGVkVhcjlDZVhWU2pNSUM4bUFWU2xQbGZUN0twTm9tUlRZT3B1Yk9XUTRQZGZvcnJESThnSnByN1EyRG9mTnMtNW9RRDhLX3dFU1dYSGFicGM5QVV1MndxdjJSZ3RpS3FDOUwzWmJiclF0?hl=en-IN&gl=IN&ceid=IN%3Aen,"Merger with Tata Motors Finance will broaden Tata Capital’s product portfolio, says Fitch",2024-06-24T07:00:00Z,BusinessLine,,
Tata merger,Google,www.news.google.com./read/CBMijAFBVV95cUxQc1FHajJWRDNEVGd2NnpZeFFKYjlFS25jbElFeUdwa3Vfa3Y2Q1VMNmQyVWtDUmJWYUFLdGRCNzgybjh6UFF6RkphSlQxZDRvMkJUTEhzTC1yYkp1ZG1NNGtoMEhueF9OeC0tTF9VbDQxWTB5dkJEUnh4SFRKWGFiM0VkUEhHckw1NHhMUQ?hl=en-IN&gl=IN&ceid=IN%3Aen,Air India-Vistara Merger: Strategic Win or Tata’s Gamble?,2024-09-17T07:00:00Z,Skift Travel News,,
Tata merger,Google,www.news.google.com./read/CBMiigJBVV95cUxNY1BFSzQwX3FrZFVaY25FSHVUTV9vai01dUF0T2VTN0FHM2tTclBLaElnWWt6Y2h2SHo2WmRIRE1QY29zVGhkMkJlU19DV0ZIX1Q0Z2hyc2I1akdWd19zbVFXSlM5MTl2TEJsUDU3RFlSYzNWc0xBa1ZlbVdIM2V6Q25tNjdId1NFWGlxc0ZXQzJ5b1pZSUg4RDVkV3ZjNDkxU0pfWUd2bzVzSVR4WDNYbmFyQ2FkRC1weGg2WVFZcWVBN0dQR3NnSnhTWDdBLUR1VmczVTZNT0FIUm9qQl8zcF9ZQTh2aHFIU0N6aVpLT0xtM2xELV9tSGp3NWlFMGZ2eHVOYkNtdHpQQdIBjwJBVV95cUxNcnJkbnJ3MDd2UjVqejZPYUU5Z21wWTJOeFY5d3ZLLXctQWVRLUI4MXlLdEI5UURoOUdFUEphRDZ1QjlPQllKZVVnRHptOWV4UGJRLTdKZE9Veks5Y2Y1UnlzQnBSeXA3R3lzc2hmbG05SUJDcDhKS2VLMXZBcmd1TGNYQldnUDF3S3ExcnduNVdDV0hfdVF0SVBlc1lsRDIwb2NPbXV2Qk1UYzBjVXVFRjhlbFhQTmI2bVlLY2haRVI4ZEdBbVJ1VXg5ejBpSm9ZRW4yZ0hrXzBVcXRUOWhDOXNoeFR5eXVxUzZwaVctdzE4UDVhekJTV2RMRjVfOXEtV2JOdXZpWUhKYjZsZ2Mw?hl=en-IN&gl=IN&ceid=IN%3Aen,Air India-Vistara merger completed: Tata-group airline becomes India’s largest international carrier; here’s how,2024-11-12T08:00:00Z,Mint,,
Tata merger,Google,www.news.google.com./read/CBMiygFBVV95cUxQbTJidEtKbjRaWjRGaFBNbXkycGZSRExSbmtRbkl0WFRLakhFMGliNHpaWjdjRGVkQVVvSjdSaUdPazBLcHJSWnFsVy16UjdVV0ZSb0hVTklWcVJHdm1mWmJ3c0tfZHpwYnBabkdPNVh4TERraXA2cHM1Q2NlN3lTMmYzcU5MNWlaWjNtTXAwM2lTbmkwYkJhdUJXSkxqUkJsRDQxLWY3UE1kMXRQR1FHMl9RVEFEN29vaFkwa3FPZUhyWG5sTU5sUkNn0gHPAUFVX3lxTE0zTW0yY3ZqRXgzWFFhT3pKZWxzaG9ONXJZMkppb3hEWkNVeGhSMlRLR2dNZDl0M2FzQVJ4WlZjbGV3MUszejNkSl9KSGVQUGo4djFKQ0JWN0dwal9QRUlfOW9JUU5idF82eHU1bXBOVlcxZzNBZGswN1NtRXM4b1NOYnRmSjFTd3dpajR5YkwzaDlySTNNbkpuV1JRRC1XUkFEbkJfSmFENGtBcG5PbFZuZ056LXNac2doTnZEejBJYURORkVxU0o3U2VJcERoRQ?hl=en-IN&gl=IN&ceid=IN%3Aen,CCI Approves Proposed Merger Of Tata Motors Finance Limited With Tata Capital Limited,2024-09-12T07:00:00Z,Live Law - Indian Legal News,,
Tata merger,Google,www.news.google.com./read/CBMi9wFBVV95cUxPRFpVbkhaald2WnliT1U5cEJxVXBCTzRJcDAwYTdxSFkyQlRpWGJieTNyMVNndWwtT2w0M1RhQTN2UXh2V3V3Nm54R2w1OGU2M01jaGRoTHh2bkpzVExYQ0xKWHNUSVhRUll4eUVpbmlFR3pOZkNoS0JrQW04ZnBSaDNCTmJfbGpQdDRqcDhseE9MbzlQMGVnNXFuNUEzcGUzVWc0Qi1QV1A5NEYyQWFGdlExYUt5YjNaUUZTNm95SkJIbHBCR3J1Sm5CUG1jUFJUSWhCazU2Y1JmcnBQZGNEWDdJeDBwcFJEZHh6UG1Edkx4TVplLXY40gH8AUFVX3lxTE5vaUo3ZlZlX2ZFRmVMc0NjZWtmdVBvQUsxSVZlNHZzdElZN3lHUTRzNld3QlRRZWhfTl9KQ25pa1ItdU5lRms5dk5kX21ZTmhkYVQ2UVdyZm9FM0lwcWhPVk5Pb0hQbXZyUUc0RWJtdFViR2xsamtBTVM5S0Jkc1hLRjYxV3pLS1JDV3JGeVZfSElSOUozRkY3ZXh3RGxHUk5lSnJ1cHV5UzdzS09iTC1GZWlZcW85NXlTc0hMZlp2OE9ScVdna3lCT2VmZk0xb1JMcVFienJXejJINUhaOTdCSWozS1lNOVlPVHB4SlFBVTBZRzdsTDdLNW9zcg?hl=en-IN&gl=IN&ceid=IN%3Aen,"Vistara merger done, Singapore Airlines now 25.1% stakeholder in Tata's Air India",2024-11-12T08:00:00Z,The Times of India,,
Tata merger,Google,www.news.google.com./read/CBMi1AFBVV95cUxQN2RXU2xsbGxKNXJLVExuTXdlUks2SkxxNlpyNXRUOVFXdktHdGRveDFIQ2p3RHl6QmlVdHVQUU11amZJbXBfM0NZdEZ0bnlaVldzLVgydHQyd1p5MkF1NHBwRnR0VGp1eUFjMWlfZGFDb25qNkNpX2FpMlNpX2hUZVZlSzIyUlBHLS1zOXZUT0RRSzh5TnJfTDN6NndDQmlkWXg5dW5QckdEWUFrRmptemhFU2tEMHN4emxxZEgtSHIyNkhLc0pYNTNOSFRHSHNaVnFSMNIB2gFBVV95cUxOdV9MOUR0Q1Q1Z0swYzBpZWhMLVVhdG1FWEdBbG9OQXNCY0hWS2dNVXFPREwtbVdDZ25oSHlCc0d4OXBMMHpKX0lBWVFxMk1pczM3NHNUb2F1aWo3Z2tfR1BfUnJUMk4zb29Pa3pyY0hKNEJBbmlSX19uNVozblRjcVZGLTJZRE96cjE5ZGZaelQ5QmJQWklmZmZ3S3JGNnBpZ09OZGkxaWl0OEE1UFJPSy1qTTB6RXdycUdlWHRGdTdna3lpYzZOaVJ3ZXVvM2ZFemVtUnl5Y0NrQQ?hl=en-IN&gl=IN&ceid=IN%3Aen,Tata Capital and Tata Motors Finance merger: NCLT asks NBFCs to seek shareholders' nod,2024-12-07T08:00:00Z,ET Now,,
Tata merger,Yahoo,https://finance.yahoo.com/news/ratan-tata-austere-indian-tycoon-150523359.html?fr=sycsrp_catchall,"Ratan Tata, austere Indian tycoon who bought Jaguar Land Rover but lost a...",4 months ago · ,The Telegraph ·  via Yahoo Finance,,
Tata merger,Yahoo,https://finance.yahoo.com/news/disney-strikes-deal-sell-stake-161500120.html?fr=sycsrp_catchall,"Disney strikes deal to sell stake in India's Tata Play, Bloomberg News reports",8 months ago · ,Reuters ·  via Yahoo Finance,,
Tata merger,Yahoo,https://finance.yahoo.com/news/indias-tata-sons-raises-stake-034639433.html?fr=sycsrp_catchall,"India's Tata Sons raises stake in Tata Play, Temasek exits, Economic Times...",9 months ago · ,Reuters ·  via Yahoo Finance,,
Tata merger,Yahoo,https://finance.yahoo.com/news/disney-said-sell-stake-tata-022649109.html?fr=sycsrp_catchall,Disney Is Said to Sell Stake in Tata’s India TV Platform,8 months ago · ,Bloomberg ·  via Yahoo Finance,,
Tata merger,Yahoo,https://finance.yahoo.com/news/air-india-ceo-meets-india-112842687.html?fr=sycsrp_catchall,Air India CEO meets India antitrust chief on pending Vistara merger -sources,2 years ago · ,Reuters ·  via Yahoo Finance,,
Tata merger,Yahoo,https://finance.yahoo.com/news/air-india-strives-revive-fortunes-153729188.html?fr=sycsrp_catchall,Air India strives to revive its fortunes with Tata money,2 years ago · ,Reuters ·  via Yahoo Finance,,
Tata merger,Yahoo,https://www.aol.com/deal-create-one-world-largest-114826582.html,Deal to create one of world’s largest airline groups gets regulator approval,5 months ago · ,The Independent US ·  via AOL,,
Tata merger,Yahoo,https://finance.yahoo.com/news/singapore-airlines-gets-indias-fdi-004403487.html?fr=sycsrp_catchall,Air India to operate Vistara flights from November as merger gets key approval,5 months ago · ,Reuters ·  via Yahoo Finance,,
Tata merger,Yahoo,https://finance.yahoo.com/news/india-antitrust-body-examining-air-042537209.html?fr=sycsrp_catchall,"India flags antitrust concerns with Air India, Vistara merger -sources",2 years ago · ,Reuters ·  via Yahoo Finance,,
Tata merger,Yahoo,https://finance.yahoo.com/news/tata-sons-gears-potential-ipo-060244697.html?fr=sycsrp_catchall,Tata Sons gears up for potential IPO following upper-layer NBFC classification,1 year ago · ,Investing.com ·  via Yahoo Finance,,
Tata merger,Bing,,Merger mania: Will big listed companies get to skip the company court?,,Mint,https://www.livemint.com/companies/nclt-mergers-and-acquisitions-cci-finance-minister-nirmala-sitharaman-kwality-wall-cyril-amarchand-mangaldas-11738587825301.html,17 hours ago
Tata merger,Bing,,Tata Capital sets stage for IPO with articles of association update,,Business Standard,https://www.business-standard.com/markets/ipo/tata-capital-sets-stage-for-ipo-with-articles-of-association-update-125013101256_1.html,4 days ago
Tata merger,Bing,,Australian Fintech Findi Gets RBI Nod for Acquiring Tata Communications’ White Label ATM Business for ₹300 Cr,,indianweb2.com,https://www.indianweb2.com/2025/02/australian-fintech-findi-gets-rbi-nod.html,22 hours ago
Tata merger,Bing,,Tata Sons to Acquire 10% Stake in Tata Play,,Press Trust of India on MSN,https://www.msn.com/en-in/money/news/tata-sons-seeks-cci-clearance-to-acquire-additional-10-pc-stake-in-tata-play/ar-AA1xNk2j?ocid=BingNewsVerp,11 days ago
Tata merger,Bing,,"Tata Electronics acquires 60% in Pegatron India, bags iPhone plant",,Business Standard,https://www.business-standard.com/companies/news/tata-electronics-buys-60-stake-in-pegatron-s-india-arm-for-iphone-plant-125012400770_1.html,11 days ago
Tata merger,Bing,,Tata Motors To Be Demerged Into Two Entities: Commercial & Non-Commercial Companied,,Trak.in - India Business Blog,https://trak.in/stories/tata-motors-to-be-demerged-into-two-entities-commercial-non-commercial-companied/,13/01/2025
Tata merger,Bing,,Tata Steel faces ₹1.46 crore penalty over delayed stamp duty filing,,Business Line,https://www.thehindubusinessline.com/markets/stock-markets/tata-steel-faces-146-crore-penalty-over-delayed-stamp-duty-filing/article69094589.ece,13/01/2025
Tata merger,Bing,,3 years of Air India under the Tatas: The hits and misses of Maharajah,,Live Mint on MSN,https://www.msn.com/en-in/news/India/3-years-of-air-india-under-the-tatas-the-hits-and-misses-of-maharajah/ar-AA1xSeW2?ocid=BingNewsVerp,9 days ago
Tata merger,Bing,,"Tata Motors' new energy products, a new SCV to attract 3W customers, demerger rationale, and more",,ET Auto,https://auto.economictimes.indiatimes.com/videos/tata-motors-new-energy-products-a-new-scv-to-attract-3w-customers-demerger-rationale-and-more/117359690,18/01/2025
Tata merger,Bing,,Gukesh to make comeback at Tata Steel Chess 2025: Why Wijk aan Zee event is called 'Wimbledon' of chess,,Firstpost,https://www.firstpost.com/sports/d-gukesh-tata-steel-chess-2025-wimbledon-of-chess-explained-13853301.html,16/01/2025
Tata Bankrupt,Google,www.news.google.com./read/CBMi3gFBVV95cUxNWlNfcGVQLXdmWE1ZVXBjanFmOGdISk5IS0NGNVpJcVpHcDlUY1Z4d2RyeThoaWRLM0ZGSDBLTmtvSWlEbnVLRGNvZ0JDeWFFQjF3b2dyd2ZFU2N6ZkQ3b1dUdnoxNGVDMC1QNURjUTloQ29zdHBUVHlSWVlfdTFuMXZqQU9GeTgtOEl2bTl5enhKazVFVmVBMXZYb3Vtbk9hdGZ2Rm5VOE1HeFNENXZtdzFGTk1IeVh0TDBRNVplUER5MnlmdW1Dd0tRN0hsUURlaWkxVkxJRlJpdk1DX0HSAeMBQVVfeXFMTjNIRkhReXVRams2RlJUUERUamhJcl80VXN4cnVhazNjLURZOWRVVXZqSVBKWl9VdVpfTHVkZDRPWHZwTXB6Sl9iUFJURWRxcHljZ1NBZ2RqdXpFZ1A3NVNLTkROckFOTlFzYTFUdEFoUVhnTTJmc25kdm9RYzRIX1VsYjdGSTVINHFMekRtZHM5QkZ1SFZLZng5ZjI3TjVOSGo4bkpwZDFtNzJSUjRUSmdHVnVXbklIOG1JNkxZa1ZaMDZfa2d4ZWdKS1hhTXB1emxfSU1GM0ZVVTRka3kzT01CbUk?hl=en-IN&gl=IN&ceid=IN%3Aen,Ratan Tata tribute: When Tata Finance kept a helicopter on standby to return investors' money,2024-10-10T07:00:00Z,Moneycontrol,,
Tata Bankrupt,Google,www.news.google.com./read/CBMi_wFBVV95cUxNeWNqT0RyZ2dJNGM0c19mQk5pYTJjRUNXb2Q3dmRyTVFpZ2d6N0hlb1NpR1lzM1NDTXpmV1ZyQTZtUkJmLWJRZHhRZjk4SVduMTc1RjhIYjBMNjc0YzlGR3hPZXVsekEwU1JwZkNvT3JoUXBxWTRaZ19XRFNtOFJHX1piT2kxVlBLMTlFR1M2cktpYmFKWU8xSmI0dnZ0dE9Ndi1kTmVuUjluZjZpSlFWc1FzSk50Ui1veEgxSmdUNDVMNG5oWlVWWGRTbzl3Ync3VnJvREVTT2VJTDVuOUh5R0JSOFUxX2NaSWNlTVJjRjFaelF5VE8ybjZ2eDJ3ZnfSAYQCQVVfeXFMTkZUd25ISmNaVGxGQUpLY1pxTkVKSS0tZk9ZYlBHU3FybDJlb3ZXdzJQWDNTVzI2WUItck45cTlPaXNSLUxKekkzemNyNi1wT3RUWnBvTFFRMFFhNkYzUWt3LTZOdnJra0drS216ZWtnYi0xaWFDWEU4d1VHdlpVM0hZX2otNlY0WUQ1OGRtbURqaGFzZUNTV01zbTZZT2pNODNvdUUxMkhrWjdfNVJCQ2JUSk5WbTRPR21WZmdrRkM1MmJBN0M0ZEFJQ1pqUW9namVYTDhJRlhPeGpSTV9xUEtIR2drbXFYTVJVS2RKZk16X1RVaE1EeDZ5ZU5SS1RVbkR2ako?hl=en-IN&gl=IN&ceid=IN%3Aen,"Meet India’s first female tennis Olympian whose diamond saved Tata Steel from bankruptcy, she is Ratan Tata’s",2024-11-04T08:00:00Z,India.com,,
Tata Bankrupt,Google,www.news.google.com./read/CBMi7gFBVV95cUxOUDJJYnVicV9SRG5QdmEwUktjd1dzMWZZU1gxZFBLRm5tSVBaX1ZaME9yN3c2Q3lMUHNsUnNKRGgyTmRxaENjams1UkhpNWxlYWxyMExMMFJtMG9melZlcVFhSlo3Q2V6c2FfQ2gzel9CbjNMTHlNSC0zU2oxU05leEZodnN1U0V1UC1CMERVdmRjTFMxU3UyRksxNHlQZy1Gal9nN2g5Z1RtQUdndFhGV0lFV3dzQW84SUIydXBKeTlrWFhoQ3huemtBa0VsSzhpT0FUNUxtRkM0b1l6NjJfc3ZrSE5KbTE5S2VUdGZR0gHzAUFVX3lxTE55eVY0SVlrR1ZGcGthbTJpUUROM1pqWnZhZWtSa0djV1BFQmtvUGViSG8tTHRVZ3RtdkU2bjNRSmdmZ3RGQXN3SlVGYk8yTGxienc4YVpqYU1fWHIxY1hJdUUwOFA0Mi1aRFBCNXU2dEUzR1R4MmtMMURiZnRGQTZvN3lKX2lPSnZ2dlQ1OWFvNzZQUThVNjQwa2VFeVFtc0RiS2Y1VGtOZzllMTd5MndvdjhLbTA0ZUxrQUI1bDFmbmZoVkE3ZWJvSHJ1aGZYVE0tZFlVN0I2VFlpWkx5UWRkVVNKcWJuNnc4YVpMcTd6bDloQQ?hl=en-IN&gl=IN&ceid=IN%3Aen,Ratan Tata got 'revenge' by buying Jaguar and Land Rover after facing 'humiliation' by Ford | INSIDE STORY,2024-10-10T07:00:00Z,India TV News,,
Tata Bankrupt,Google,www.news.google.com./read/CBMi5gFBVV95cUxQaDduQkVrQ3F0Yl9mS2ZUZmZ4eTAybDlSSEhDLW1aRHd0V3VBd252MWxPWW9vQWFnQ3RkRVFwM3NreGt6LTlwMzZxaWNGaGVqN0F3TEY0WVNOZTFrQVJtVWpnRVN3Vm52OHRWV3pYNUdnejBwYXZtWTJQZjVmMUpwTHdBS2M0eV92M2tiUUlScm9OcktWSUZDbWFEU2xoeXFkSXhUZmc3dHlQYWNDZEp0cUtWc29xTGljOEhDZ0VDdFhZeW1xeFU1TnJmeFJQR2VXMFhKWmRBb2VzUnFsMkoyR2pYRjZjQdIB6wFBVV95cUxNZ3Q3R2pRTjhuc3phQ3pBeTctSGJCOXFHeFd4TkdWTXJhN3M2dkhETWRtY0FHUVN3bWNORkRfUERTaXN5T0t4SlpQNGNmb2xuX05YdzRnMG9WZ09UU1U1OTRIY1ZHb2tQVGpRR3F2REtibTN1VEZxcnBxWW9pZEJlbk9ZR24tdUJUOVhfUHhOVFNiU3E4WEhsNDQ5dVJPREl4U1Rmcm5qaHFMSWIxY0NJVjhfdm1zWTBXOE5aNWhlSTlYS21GLTVTVi1xckJ6eGJLMWVVNWRBSUtfbU5aM0JiaVgyMVViZ3RBRk9z?hl=en-IN&gl=IN&ceid=IN%3Aen,"Tata Motors shares plunge 6% on weak growth outlook, UBS downgrade",2024-09-11T07:00:00Z,The Economic Times,,
Tata Bankrupt,Google,www.news.google.com./read/CBMi2gFBVV95cUxQajF2Q3o2OGVUcXBfUEdrRGNIdGtZZTEyclQzYjc1NGdEN2thVXp1QnZTbDBMMFgwOGczZ2Z1T05zY2J1ekNQRkhQSUlUSThvUEZSVnlHS2NYd2dLeXp4MzdibGxSOG9BX0x3WW1JUHQ2TWpzLXdjTEx3VDVqSnlFU1FtcFlhTHRPUnB3djBZdkJmNFJOWDZLRjhaTm5faS1vZEwyTTUyOXY3X0gySmppVUMxTm03aWxoSXAzLTZvc1E5WTRUNUxSaGU1cUxqUnd3N0MxWUhjTDByUdIB3wFBVV95cUxPQVpEcjQ2TUhLbTJBWjFqeDduMDZNc3F4YVR4MUFLQkpXc1lRVlFJRlJrLUhyUHd4VEUyeGY0cWdSQk9FaVd3S21JMS1LSXpjeWM0cHRPY1QwMU1lZi1tX3NjbFFoNExJR1Axc2xta3NxUjk1MldaV1RvYlJGdGVJRzF5WGcyUlNSakJlWTlqQzZCY29jX3JrWHhKODZmbkJUbVJaMnZJUDdUcUhESmpTWkh2UFdTQ3ppaXZoaHVUWUdJeC1Hdk9TYmVhZ0NGb3UxaFJlRFZMQXVkT0dPdGtn?hl=en-IN&gl=IN&ceid=IN%3Aen,"How Ford's insult led Ratan Tata to buy Jaguar, Land Rover",2024-10-10T07:00:00Z,The Times of India,,
Tata Bankrupt,Google,www.news.google.com./read/CBMigAJBVV95cUxPcUdUV0tGY00tSUU4OTVSbXVPSDhlZXA1SE9sbXVpSUlWNUdkbU9LMEluLVZ5YmVTRXZpd24yQzN6QmhjeWh1c1N0UXI3TmliNzRyUW1rQWQzUkZieDFYbVV1UmdvVEhzR3ljSzJPY2tXbUUwNS0yV3NhVURDMzJXZWEtcEF5S0gyT2tuTFlyY1cxSDdwdVBDOFF6ZnRTTzRDRzBoencxNWplX0lRbkxsY3RqaEJKVWs4TXNDZzB6ZFNsMWxLVnpnVmM2aGFuME1sUF91MVFEMFQtSndFNkh5MDNtcG9Kb2I0SmtZM05NcmMtX3FNaU5mXzZKN3NUcUkt0gGGAkFVX3lxTFBZUUd4dGFGaUY1QUxEbzh4ZmVNazBfQURfalM3YlppRkR4YS1XWXFjTDZDcFhwUUVTZ1pFYjZWQ1VnSjV6dWhiaTFtYzdzVk1Mc3pNZEZ0SDBJdmV2dzhCT2hGZnJDZmsxLTY0ei1ZVXBxa0JudXFrZ2RFaS1ydzlCVTNpcW5laTVFUUwyZGZGYkpDTGhFNXhCRE1raS05TlROUmZKQ0Y1aXdSUnZXQk5kYmlBZGx5U0lmVkkzMGlFUUpBY1dhWDdRWmt2X0JWVGRuakl1QVNBdWs0QXl6SGpKRERVSUZHSWFmUU5EYXFKamVqT0h4NkZPYWU4WDUxRjctbjdFZEE?hl=en-IN&gl=IN&ceid=IN%3Aen,"‘Go woke, go broke’: Jaguar’s futuristic ad backfires as critics tear into Tata’s rebrand of the luxury automaker",2024-11-23T08:00:00Z,Telegraph India,,
Tata Bankrupt,Google,www.news.google.com./read/CBMiqgJBVV95cUxQMUZWaWVpSkNWcWVYRXR1eEtFTUFBSUJsei1jallEa2xWbGtwLXBzRnpWQzNSbmpQLVdlRUs3aWp2cUtLWVdidDZXcDdWcTlndVA3MzVKX09hMDR1N0xrSmhXV1d6NWVKZ1ZMdEpUQXVOZjZrVzItMVlOV2ZRc0ZyNFFHR2tRZ0EwWGZjMHd1MG00WUphWE1CNzByS3g3T1ZUZHdNQjRRbWtzV2JRYVRLYVZoWTlLYXRrVEtvaHZpcUliTF9iYTd2ZW5aQXd3WjlMUVkyRTJFWXN6aFZXNVU2RlJYU3A4UmdyWlFTT3hxaE5zeWJMQTA4cmgxUmV5SVN6WDhyYW5lNE9YY1N2Q2dUNEtUdHlsOGVEa0tYc0k5UHJLbTBfaGZyRXNB0gGvAkFVX3lxTE9rWDhYdklFeGg4cHFyZ2treWtrelVYdWVYcWxWSldMYjNYRlBsRmg2dUR3V0Nacm9rQTlDRHVTMndVLXRvN2lnZHI3SnJSb2VzcjY1RmFER3FieUZXa1h3VkY2aktNNXdUaExnMVd0VThaNmFLdkhIdWN1WTBXajIzX3U5Q2lxb2xGZm9ybFVEWHNNS3BqZFFqS3JkSVZ5M0JMUWdJN1M5dkU5VFctdWEtN1NPTnBNVVlfWEQxLUxNM0o3Z0FrdFliUzFhMzBvRzdENEI0LTJtVGk0UWlBMEVOajhFRktmcWlBdWtyQkY0SXNUNFJ4OTRtS1UybGNWZzVRM3BMRjczbHk1X1RhbnNhQWtZcTJsak1ZM2ZHRnhDaXNOUUxjRkRhY2x2UzBnOA?hl=en-IN&gl=IN&ceid=IN%3Aen,"Meet man, Ratan Tata ousted him from three Tata firms, his airline went bankrupt, still one of India's riches",2024-12-17T08:00:00Z,India.com,,
Tata Bankrupt,Google,www.news.google.com./read/CBMiwgFBVV95cUxPVktvZWd4TExWVHBEbzVDOUx3Z3luYktvMXo5eEwzLXVjbDBYdURVTGZNTlJ0U0ttdHFxRkdCOHIycWdHNW9pc2dQYkVhUWdrNWhNSkhxOW5BSHI4cTl3b1laSmJ1bndGMGp0UmRjOWk2M2pOZnFmcGc3bmRXWTB6YTN5c1QtSzZ4b0JlZ3JmVHZDN0ZpLWdoYXI3dkpUdkh6dVJnYkF5elNONFBEWDY4TlZRYlBjN3FveWY4MmNFaU91QdIBxwFBVV95cUxQLWJsNEUwNFNxY2MxaW9GclNwdUs4VjRaYzJWTjdOcHBrNjR5VHlpTGo5bTNSUmEtUUNTNE82M3VLY3djNmxIbkstRy13LXY5anVFN1pSM0hFendpX21FQTkxeFg3Mm0yYVpqTGMyaVRTaVhBUnlZbjZoNnZCbXRnbWNUN0tKNzhKcGZ6N2NOdTV6ZVB0aEs5Y3ZzZnROZEc4Z0NQYWloVFh6a19iZlBQUEJqY2hTY3RUU25EaDd3R29sNjlCV2ZF?hl=en-IN&gl=IN&ceid=IN%3Aen,Once India-bound EV startup Fisker files for bankruptcy,2024-06-18T07:00:00Z,HT Auto,,
Tata Bankrupt,Google,www.news.google.com./read/CBMi6AFBVV95cUxPZzc2YjZxSVlCZ3FFS3A4UnlSNU1UX2NGQzVNdVl3bjBmR3VqYkNER2ViRDh4VHNidmE3bl9relNzRlZZbi1faVIwblVFQ1VoVjFKZkVoRlVzX3NYUVFRUlNJVG1NeDY0WHVxSjZ2cHFmTmJ2Y0wtWnV4TEhtVGtuTVdXbVRhLVhDR0gzeEtlVmlFa0RidEVIWUNFZktLNVZ2NDNNZWZFTHI2bzVfdkZ0WVpwdVhDWWk3NEo4cTR6aUNtc1dvUzBJTXZocnRSYS0zWHNvMVF3RWVDc0pyTHVIYkU1VjVRa1dE?hl=en-IN&gl=IN&ceid=IN%3Aen,"Meet Amit Jain, Ratan Tata-backed CEO, went bankrupt, now owns Rs 10,000 crore company",2023-04-17T07:00:00Z,DNA India,,
Tata Bankrupt,Google,www.news.google.com./read/CBMivgFBVV95cUxPczhfUExXSnZPMkJza1kyQTZBMC1IZFptclR4XzNnY1BxSUlYdEtLaWFJSEF0UWlBNmZ5OU5FWUI5VkxoMXY5SmNfU0tQMDJjalU5c0I5YzFXY0ZRc2dkcjJ2ZE90TE5kb0h4VjcweGtHZlBOM3B6UU9WaHNjU1doMEE1VHU3RW1ISmNkM1R2RDR5UEVrRTM2bGFxQ0lLNFg1b2V2QzB1RDkxeV83TUZSeFVvZGFGdFJNZi14Zm53?hl=en-IN&gl=IN&ceid=IN%3Aen,How Tata Steel turned around bankrupt Bhushan Steel,2021-05-18T07:00:00Z,Business Today,,
Tata Bankrupt,Yahoo,https://finance.yahoo.com/news/plans-close-blast-furnaces-steel-115841088.html?fr=sycsrp_catchall,Plans to close blast furnaces at steel plant is ‘pretty much’ a done deal,1 year ago · ,PA Media: Money ·  via Yahoo Finance,,
Tata Bankrupt,Yahoo,https://news.yahoo.com/letters-tata-cuts-destroy-community-000200149.html?fr=sycsrp_catchall,Letters: Tata cuts will destroy a community for the sake of net-zero posturing,1 year ago · ,The Telegraph ·  via Yahoo News,,
Tata Bankrupt,Yahoo,https://finance.yahoo.com/news/analysis-manual-pricing-chatgpt-air-013542602.html?fr=sycsrp_catchall,Analysis-From manual pricing to ChatGPT: How Air India is transforming under...,2 years ago · ,Reuters ·  via Yahoo Finance,,
Tata Bankrupt,Yahoo,https://finance.yahoo.com/news/adani-power-talks-acquire-thermal-105301125.html?fr=sycsrp_catchall,Adani Power in talks to acquire thermal power plant from Reliance Power,6 months ago · ,Power Technology ·  via Yahoo Finance,,
Tata Bankrupt,Yahoo,https://www.yahoo.com/tech/burdened-indian-flyers-want-airfares-090000239.html,Burdened Indian flyers want airfares capped again,2 years ago · ,Quartz ·  via Yahoo News,,
Tata Bankrupt,Yahoo,https://www.yahoo.com/news/five-things-due-happen-somerset-062324214.html?fr=sycsrp_catchall,Five things due to happen in Somerset in 2025,1 month ago · ,BBC ·  via Yahoo News,,
Tata Bankrupt,Yahoo,https://finance.yahoo.com/news/press-digest-british-business-may-002841286.html?fr=sycsrp_catchall,PRESS DIGEST-British Business - May 25,2 years ago · ,Reuters ·  via Yahoo Finance,,
Tata Bankrupt,Yahoo,https://www.yahoo.com/news/net-zero-only-fanatics-fail-090000338.html?fr=sycsrp_catchall,Net Zero: Only fanatics fail to see the hopelessness of the ruinous policy,4 months ago · ,The Telegraph ·  via Yahoo News,,
Tata Bankrupt,Yahoo,https://autos.yahoo.com/brands-may-not-survive-ev-234550935.html,EV apocalypse: Which brands might not survive the electric revolution?,3 months ago · ,Autoblog ·  via Yahoo News,,
Tata Bankrupt,Yahoo,https://www.yahoo.com/news/15-car-brands-disappeared-last-121601577.html?fr=sycsrp_catchall,15 car brands that disappeared in the last 25 years,9 months ago · ,Business Insider ·  via Yahoo News,,
Tata Bankrupt,Bing,,"Meet man, Ratan Tata ousted him from three Tata firms, his airline went bankrupt, still one of India's richest with net worth of Rs..., his son is...",,MSN,https://www.msn.com/en-in/money/economy/meet-man-ratan-tata-ousted-him-from-three-tata-firms-his-airline-went-bankrupt-still-one-of-india-s-richest-with-net-worth-of-rs-his-son-is/ar-AA1vZfDR?ocid=BingNewsVerp,17/12/2024
Tata Bankrupt,Bing,,"Months after Ratan Tata’s death, Tata Group creates history, becomes first company in India to…",,India.com on MSN,https://www.msn.com/en-in/autos/news/months-after-ratan-tatas-death-tata-group-creates-history-becomes-first-company-in-india-to/ar-AA1y72UI?ocid=BingNewsVerp,5 days ago
Tata Bankrupt,Bing,,Ratan Tata's Tata Group to bring India's biggest-ever IPO by listing...? RBI says...,,India.com on MSN,https://www.msn.com/en-in/money/economy/ratan-tata-s-tata-group-to-bring-india-s-biggest-ever-ipo-by-listing-rbi-says/ar-AA1xqXbR?ocid=BingNewsVerp,18/01/2025
Tata Bankrupt,Bing,,"Noel Tata scripts history, Tata Steel becomes first Indian company to…, helps India to achieve…",,India.com on MSN,https://www.msn.com/en-in/society-culture-and-history/history/noel-tata-scripts-history-tata-steel-becomes-first-indian-company-to-helps-india-to-achieve/ar-AA1yisZy?ocid=BingNewsVerp,2 days ago
Tata Bankrupt,Bing,,"Meet India's first female Tennis Olympian, whose diamond once saved Tata Steel from bankruptcy, was wife of…",,DNA India,https://www.dnaindia.com/education/report-meet-india-female-tennis-olympian-lady-meherbai-tata-diamond-once-saved-tata-steel-from-bankruptcy-3114331,21/10/2024
Tata Bankrupt,Bing,,"Ratan Tata Is No More, Passes Away At The Age Of 86, Leaving Behind Rs. 3,800 Crores Business Empire",,BollywoodShaadis,https://www.bollywoodshaadis.com/articles/ratan-tata-dies-at-86-56869,10/10/2024
Tata Bankrupt,Bing,,20 News stories found for “BANKRUPT Jaydeep Singh Thakur”,,Auto News India,https://auto.hindustantimes.com/search?text=BANKRUPT%20Jaydeep%20Singh%20Thakur,10 days ago
Tata Bankrupt,Bing,,TATA Health Navigates Financial Challenges Amid Bankruptcy,,Nasdaq,https://www.nasdaq.com/articles/tata-health-navigates-financial-challenges-amid-bankruptcy,03/01/2025
Tata Bankrupt,Bing,,Tata AIA targets slice of Rs 10 lakh crore wedding market through Shubh Muhurat endowment policy,,Indiatimes,https://timesofindia.indiatimes.com/business/india-business/tata-aia-targets-slice-of-rs-10-lakh-crore-wedding-market-through-shubh-muhurat-endowment-policy/articleshow/117448263.cms,13 days ago
Tata Bankrupt,Bing,,Tata Steel Becomes India's First to Develop Hydrogen Transport Pipes,,Outlook Business,https://www.outlookbusiness.com/corporate/tata-steel-becomes-indias-first-to-develop-hydrogen-transport-pipes,6 days ago
Apple Lawsuits,Google,www.news.google.com./read/CBMiuAFBVV95cUxOREtTV0Y1aDBvem53OXNsUG0wUkFkZHNnQlBYTGxlMVgyd1BZalJ2ZEk5UWswNlREcEw3aDFBcjBjM2t3eGNPWm9uSXlJUkxXNVdZQVhxT2c0NTFnYy1neVVXLWhEcGRNUVlTT2RWcVg2VlhpOHd1bUgxaWNhNjdleEwxOVptdXZUOEtJMFh4RXZwUGczQW9MQXZvNFBYdWZvUDlsakc0ZkZlaWs1UXhpWWRtNXQ4LU5R0gG_AUFVX3lxTE9QbXBYQ1JjVkptZnhjc3Z5RDVrbG9LWDlKam1sd0ZqWk9MZUxjUkpWXzVrWHYxRFQ3ZTJYanRfZG93Q1VtMFJyU0NiWi1WT01zWklZbVUyQUZWRG5WaDRzZXNfdGNCODBiMWRlWTI2dnk4YTJwTTNWUDF6RGlJLS1EOXNBX2pocVJ4ZnFzY3dNZ1VwekVjWHRheEVsZkg3UnFFTVpqSWVoa3lnUngzellRTG1Fdko5SGdZR0lQcEJJ?hl=en-IN&gl=IN&ceid=IN%3Aen,Apple settles $95M eavesdropping lawsuit: Has it done enough to address privacy concerns around Siri?,2025-01-07T08:00:00Z,The Indian Express,,
Apple Lawsuits,Google,www.news.google.com./read/CBMiWkFVX3lxTE1ZMzNtMmhyZllFdnFja2dYYnM1U0d0S1RzYzlVWTNPUDVQQkdrZmU2SWNRMUR6X2RQVnVYZjJNblVJbklsWlVLS0ZNUExmWTQ3T2xSNmVVMy13d9IBX0FVX3lxTFBwOEF6LW9ld3dEdXJnZ2xGZHRYOVBFTUdFQ1JqVGxOWWFvNE1vWTZyRWNObThJSFg2SG9uSmhRWHFxR005M3YzWXpiY0I5M0V4ZzZWTmZDWlFlRzN3bENJ?hl=en-IN&gl=IN&ceid=IN%3Aen,Apple to pay $95m to settle Siri listening case,2025-01-07T08:00:00Z,BBC.com,,
Apple Lawsuits,Google,www.news.google.com./read/CBMizwFBVV95cUxNYUN2LWs3amxQaHZQeGNzT0ZoUVBZVVdGQVpvVWh0cHQ4NEg1REMxNEF6ODRwdU5TT2EzeXpnTW1mdVA1cG1keklXNWdzbkpiQ2NBdktHM1V0N1hUY2U3ZE1ra29pRmFIZ0NybFFzaHhlZzZoNi1lRFFQWUxSd1NxZGtfaU93Q2RuUXBTeS1lUEZoZkxlSG5LNGhlRmhkUnRUU1ZMSmpJUDIwUGpJN2lyLW1xVDl0SzZkUjR1T1V5TXFJRl9aS3NOSmNHcTU3NkHSAdQBQVVfeXFMUFM5eUJOOFJnV0JZMFQ1NFZ3VUNpclc5TUF3emFSbzlLaFJOZEpGWFhyUWx2YVcxTWV5MlByTmktS1Z4SzVBNmUybDhuTWZ5N0xnSTFJd0NnTFBDa2JGR2I1YjM2VllFNy1RblBmaVVPZDFOenhhbkFKSi1DVDdOenZQWWR1eVBEb1JRQlRiWW56cEZMS2Ytb21UUk93dnJESC1vOG52TnR0WmRtUkZkT2ZreDZLLXhraGdTRHJoYVhhbkhGSENTcFQ3QTNXaWI3by05bEc?hl=en-IN&gl=IN&ceid=IN%3Aen,Apple urges federal judge for early dismissal in US antitrust lawsuit,2024-11-21T08:00:00Z,Business Standard,,
Apple Lawsuits,Google,www.news.google.com./read/CBMi3gFBVV95cUxNczBEOF8wLVRTYlhXYTJEUUJZOGREUXEtTWtPOGQ1RTFHaUhybVpFSTFBTnJSamJxM3E5ckl2bTFCYjk2R24zMnljNk1nbzF4NEI2R1lnNndMYngwYU9VNzBoZXZLZVlSOTdkNmJyS0lDNjh2SmRrdGhQeTd6eFJtZTRfY3I2aVZpQ3VkTXc0aUl2dC14Q1pWSDNvR21Ha1JyTFR2X18tWDUtVy1lVVVHSm50eEh5TkNoRnFyTXV4WWVfdmpkTTFKNjJWdDlLaUNzakVvLS11anI5X1V5ZVHSAeMBQVVfeXFMUGFaR0lHQTJoUUMyTFRDb1p6NGJDSHpjd0dOd2JybkdRcTBFN0xEUkw4dXVIeFAtUUxPQmxVV1FieEZiem03VGJ5aE9renVCV05VM09jWkVJaDhTTk9IYTV6QXlCaE5nSEl3cWlka0IyWlI3cDA5SzJaYWJlMmZkUlNGQ2FXdG9mZGhib0JhTWl2OHVFMEdLVjBUUjBTSGxabm9mVTAxVnlWOVdjejdRSDVhUzZkMmJlT2ZZb2dsU0ZXMDNXT3ZqMDhVWUQ5VDRna3FsS3FOSkJ0ZnNQNlljMl9GUFk?hl=en-IN&gl=IN&ceid=IN%3Aen,App store commission charge: Apple faces $1 billion lawsuit in UK,2024-12-04T08:00:00Z,The Economic Times,,
Apple Lawsuits,Google,www.news.google.com./read/CBMilAFBVV95cUxQbUg4X0VnajdPd1NsVzZia1BvbTZjcDBhWGVPMHB0ZlZObXdXWjlkeFVocFJkamhIN1Jkb0s1bThqUGNOdV83UllOTnhkWEdnbWtjR0JMZjBfV2NDZ19EeWoxRUI3Y0VPdzJPVl81TXVwYlVaNmFZdklrVE9haGloeDNWTlRnS05ZOV9yblpVN09ZZ0hR?hl=en-IN&gl=IN&ceid=IN%3Aen,Apple to pay $95 million to settle Siri privacy lawsuit,2025-01-02T08:00:00Z,Reuters,,
Apple Lawsuits,Google,www.news.google.com./read/CBMi6gFBVV95cUxPbjhnTURITmtScG1RSU5QLUdsREtHejhKQUtUTTIwX3I1LUZOSHhKRW1ocFN6ekRqd2s2M1JDNDBuYWdQRUREOTk3cTJSTG5HdUlNZEhXUTYwaFdSRlY0V1FaTDZJUDZOYmZSb0kyQUJOaXJmcGdxSThGNWNFSGoxa3hkbHRLZDhJaVJPWGRUYXFwNDNwRE9qdk1fYWJmTnd6U2RMR1U5Wk5pRGV5WnVQNGFSa1BwT0JTMHVpWE1KMlh2QVNtU2lCUjkwZnJsOGp3NmVzNVVkSXZ5UjNqWEFjbUU0WFdYdi1aN0HSAe8BQVVfeXFMTW9wUHdMVDZaa2Q4MkVKZDRuMkIzb0tmdlI4X3lOZnNVQWxUUW42RUh5eF9QdnFtV2ZyNXhfeGxfOTFLSUY3UlY0bVNNWUlEdWVFNGdkRXlCeEVCdExST0plWlg1azdmYkc0WUcxelR0QUpCLS05eTZLVHc1d05pVzFuV0VKVlFSQkFhdjdxRmF4VkJDcURoWHRlam03SUhRZV9xZVV1WFJxVVYzRFcwT3EwTDg3V2JIMkM1S1dZWlFNcHdVeWNVU3BQZ0dJdTV5SlJYODdla1lkeHBkalg0emNuNWZzQ0xkUnMyemJjMlE?hl=en-IN&gl=IN&ceid=IN%3Aen,Apple faces class action lawsuit over alleged AirPods Pro audio defects,2024-11-14T08:00:00Z,The Times of India,,
Apple Lawsuits,Google,www.news.google.com./read/CBMingFBVV95cUxQSnFYeGwwZnB1Q21EMThkYWlDVkVnS1Foc2NpVml0ZFJaM1JydENYRHdnakszanVZRHlzZHFCaWhHVktCRWJNa0xpeTBaNkJ4aFlnSGV6MU40NGE3S29YTF9Eb3VHRXRpUFFHM05qSHpxM2xFZzdUbmFybEhvUkgteHQ0Z2ROanRBQUd4TTJmdWJuaGNnZnRGVHhXeXZBZw?hl=en-IN&gl=IN&ceid=IN%3Aen,"If You Own an Apple Watch, You Could Win $20—From a Class Action Lawsuit",2025-02-01T18:30:05Z,VICE,,
Apple Lawsuits,Google,www.news.google.com./read/CBMi2wFBVV95cUxPWjRSLVF4TmlEd3dycUR4UmtiU0ZyRTJzRDQ3UWVXNEhXVnBnbmViaXVlSGVEUUZDc3hBN1ZVRV9DQmxINWc3eGN6ZFFKQ2p4XzV2cEk4anI1SjRveUtENlZzNE5pR3RfV0hqeVlFOEdGa0VCdVpuSWJFNjJTMkd3Nks3NHFHN1BMcWJmNy1NMUtsSGtaQnJIeFk3TVRLYmhmTjMyOTJQYUJNc2tLZkZMSFcxQXlqZ25xUjdEQ0tVcWIzLVhicndKZzRIbm1kN3hfNFVGZWxFMnR3NFE?hl=en-IN&gl=IN&ceid=IN%3Aen,Apple has agreed to pay $20 million to settle a class action lawsuit over Apple Watch battery swelling,2025-02-01T17:56:16Z,Yahoo! Voices,,
Apple Lawsuits,Google,www.news.google.com./read/CBMiggFBVV95cUxQbmJWeVp1bHR4LXpZbGFUbDYyQ3lNZ1JQMmxFaHB4UGJSaGJvclJWamZrSUVIM0xUa0NWaGh6SXZfSU5fNkhzRDNTOUdyNFBnRnpCNU1LVXh0TlVYQm5MdnZyeEx2RkNVZmtnZzM5aUFfRHNzUXdDdzdUTER5RDdnZC1R?hl=en-IN&gl=IN&ceid=IN%3Aen,US v. Apple: everything you need to know,2024-11-20T08:00:00Z,The Verge,,
Apple Lawsuits,Google,www.news.google.com./read/CBMiswFBVV95cUxQNDZaMzNpc0Q1UzRlR0Y4SjlBN3lTdVJOemhoWU9PeHJXc1dGU1hjUmE5dmFOTDAyUjZpa2xNdFpKeElKZFpsbXRwcks5MHk5T2YyTHdiUHgxaS1TR1BtX0JTUTR2cC1ZXzY3WDNJODdFUlZtenNCWWJKQjR1d21WVDRiN1gtUXJ3RG9pMzgwYnlXeVpDR3B0NEY0ajFqdXpWaGVHd1dBWU1xblZhU2JONjBHcw?hl=en-IN&gl=IN&ceid=IN%3Aen,Apple facing near-£3bn UK lawsuit over cloud storage ‘monopoly’,2024-11-14T08:00:00Z,The Guardian,,
Apple Lawsuits,Yahoo,https://me.pcmag.com/en/ios-1/28237/judge-blocks-apples-attempt-to-halt-google-search-antitrust-lawsuit,Judge Blocks Apple's Attempt to Halt Google Search Antitrust Lawsuit,14 hours ago · ,PC Magazine,,
Apple Lawsuits,Yahoo,https://www.cnet.com/tech/mobile/apple-watch-owners-can-claim-part-of-a-20-million-settlement-how-to-file/,"Apple Watch Owners, You May Be Able to Claim Part of a $20 Million Settlement",8 hours ago · ,CNET,,
Apple Lawsuits,Yahoo,https://www.yahoo.com/tech/best-apple-watch-deals-save-203800242.html,"Best Apple Watch Deals: Save Up to $240, Get Discounts With Trade-In Offers or a...",12 hours ago · ,CNET ·  via Yahoo News,,
Apple Lawsuits,Yahoo,https://www.techspot.com/news/106613-apple-watch-owners-could-get-up-50-20.html,Apple Watch owners could get up to $50 from battery lawsuit settlement,2 days ago · ,TechSpot,,
Apple Lawsuits,Yahoo,https://www.yahoo.com/news/nfl-removes-end-racism-super-040101539.html?fr=sycsrp_catchall,NFL Removes ‘End Racism’ From Super Bowl Field Amid Trump’s War on DEI,1 hour ago · ,Rolling Stone ·  via Yahoo News,,
Apple Lawsuits,Yahoo,https://macdailynews.com/2025/02/03/judge-denies-apples-attempt-to-intervene-in-google-search-engine-lawsuit/,Judge denies Apple's attempt to intervene in Google search engine lawsuit,1 day ago · ,MacDailyNews,,
Apple Lawsuits,Yahoo,https://www.techradar.com/health-fitness/smartwatches/bought-an-apple-watch-series-3-or-earlier-apple-could-owe-you-money-heres-how-to-make-a-claim,"Bought an Apple Watch Series 3 or earlier? Apple could owe you money, here's how...",2 days ago · ,TechRadar,,
Apple Lawsuits,Yahoo,https://www.aol.com/why-apple-porn-app-trumps-155908618.html,"Why Apple, a porn app, and Trump's possible tariff war are connected",13 hours ago · ,INSIDER ·  via AOL,,
Apple Lawsuits,Yahoo,https://www.zdnet.com/article/the-20-million-apple-watch-settlement-could-mean-a-payout-for-you-heres-how-to-qualify/,The $20 million Apple Watch settlement could mean a payout for you - here's how...,4 days ago · ,ZDNet,,
Apple Lawsuits,Yahoo,https://finance.yahoo.com/news/apple-paying-20-million-over-160106014.html?fr=sycsrp_catchall,Apple paying $20 million over Apple Watch lawsuit — see if you’re eligible,4 days ago · ,Tom's Guide ·  via Yahoo Finance,,
Apple Lawsuits,Bing,,"Apple Agrees To Pay About ₹175 Crore to Apple Watch Customers, but Conditions Apply",,RepublicWorld,https://www.republicworld.com/tech/apple-agrees-to-pay-about-175-crore-to-apple-watch-customers-but-conditions-apply,1 day ago
Apple Lawsuits,Bing,,"Apple Watch Owners, You May Be Able to Claim Part of a $20 Million Settlement",,CNET on MSN,https://www.msn.com/en-us/news/technology/these-apple-watch-owners-can-claim-part-of-a-20-million-settlement/ar-AA1y8Jgn?ocid=BingNewsVerp,7 hours ago
Apple Lawsuits,Bing,,Apple faces lawsuit over Watch bands allegedly containing potential cancer-pausing chemicals,,Live Mint on MSN,https://www.msn.com/en-in/health/other/apple-faces-lawsuit-over-watch-bands-allegedly-containing-potential-cancer-pausing-chemicals/ar-AA1xTqYP?ocid=BingNewsVerp,9 days ago
Apple Lawsuits,Bing,,One of Apple's best-selling products has been accused of exposing users to cancer in a lawsuit; what is it all about?,,The Economic Times on MSN,https://www.msn.com/en-in/technology/tech-companies/one-of-apple-s-best-selling-products-has-been-accused-of-exposing-users-to-cancer-in-a-lawsuit-what-is-it-all-about/ar-AA1xNZpF?ocid=BingNewsVerp,11 days ago
Apple Lawsuits,Bing,,Apple to pay out $20 million over Apple Watch battery swelling lawsuit,,Gizmochina,https://www.gizmochina.com/2025/02/03/apple-pay-20-million-watch-battery-swelling-lawsuit/,1 day ago
Apple Lawsuits,Bing,,Apple Watch $20 Million Payout: Are You Eligible And How Do You Claim?,,Forbes,https://www.forbes.com/sites/davidphelan/2025/01/31/apple-watch-20-million-payout-are-you-eligible-and-how-do-you-claim/,4 days ago
Apple Lawsuits,Bing,,Apple sued over toxic 'forever chemicals' in Apple Watch bands (Updated: Official statement),,Android Authority,https://www.androidauthority.com/apple-lawsuit-forever-chemicals-apple-watch-bands-3519496/,11 days ago
Apple Lawsuits,Bing,,Judge Blocks Apple's Attempt to Halt Google Search Antitrust Lawsuit,,MSN,https://www.msn.com/en-us/news/technology/judge-blocks-apple-s-attempt-to-halt-google-search-antitrust-lawsuit/ar-AA1yoZ62?ocid=BingNewsVerp,13 hours ago
Apple Lawsuits,Bing,,Apple Lawsuits,,MacRumors,https://www.macrumors.com/guide/lawsuit/,12 days ago
Apple Lawsuits,Bing,,Apple sued over “forever chemicals” found in watch bands,,Gizmochina,https://www.gizmochina.com/2025/01/23/apple-sued-over-forever-chemicals-found-in-watch-bands/,12 days ago
Apple merger,Google,www.news.google.com./read/CBMiiwJBVV95cUxPRUo0SFFTZkFUUUdncmlDTmZaR2RzTlkwUnZDNVhyZFUxcHZBYXJLQndoMzJMdHpfcDdXVXJPa1lBZ0EycnpiSF81cVF2NGt4VElJS2tqYkxWbGo2Ri11WFI3dGZHYTl0YV9Db3kySEpoczB6cE85R2dlN1RWY3duQm9zbVNVSDFNTkgteHduZENOTXdMcFhxczMwM2R5OUNiUzZwWms5bzNOLVk5Q0VpeHhUTUlidGlQMUFISnpUdV9uSUl2UG5OaklhUUF5eTN4QndaVlBsdjYwNDZjaTFPUUdOUXBsWVR3blRveUpyS1JjektiUTFKS3FFaExWODAycm1tdEdFYnJnQjjSAZACQVVfeXFMTk1CTWpGV2NVNGV6TGZxMEFrdWdSbUhqZkFUVUphMnVNb0otN2dYbERVS1RpQTFJdFc4SG1kaEt0OUdMS1doOGk4UTJGNE91enNTNnBfUWstTkxNeTU0Y1RaYzh0RHZCTmRENDhwTVFYa29IWUpPMmN3VXdoYllXUFR3YWg0eDVVZUo5cFFRelpfQnFrbDZqRl8zcU1mc2ZsRFNMbDRXV08xaTV4QTl6NDREUGlINy1iSklibTBlUzJ1dFo4S20yQlpzcFBXTDVodFdOcjY1T2c2Y1dNVDZYZjlJYV9xYm9WN3pQTnJFc2lJRW1NWmFDaDNISnBGM0ZiU2k4bVAtZ3ZrdjZkVDhuVFo?hl=en-IN&gl=IN&ceid=IN%3Aen,Apple planning to buy Intel: What and why of rumours of Apple acquiring the 56-year-old chipmaker,2024-11-02T07:00:00Z,The Times of India,,
Apple merger,Google,www.news.google.com./read/CBMiqAFBVV95cUxPSXQ2VEJQVkJYRGJCZ29WWFgyc1RDZWJWTW5TcmFiRVhBWkN0QmpXU3kza0NHeFppYjI2WTM2M0VUSnY4TmM4VmNtX3V2bUJrb0hwSmxWOTREc1RydnVVSzd0N3F0OFg2TzYxS212UXE0bjlBUFVPT3lvaGVQYjBfbkVCY0lrM1poMmtlYkE1ejkzVjlfRDU0MkwyNFhvS1dVUXgwckZJNjfSAa4BQVVfeXFMTk5BcWNnMkRweXZmYXBRdFBiSk4yb2ViZnZadXI2cDdqcWVfNE9JNmV5Wm53TUtRN3BTei1KTHpNd0RDX2JhekZWMk9QbFUxejdjYXlHYzZHejN4MTZkWkV3V1p6NGZZMUZRaGtRT0o0Q2JiUl9wQ3UxaG15RjdSWFV4bG1vcTd0dS04M2pzMzlZSEpsbENQSzNocnczM3Nla081a2hUSnUyZkV2eUlB?hl=en-IN&gl=IN&ceid=IN%3Aen,Could Apple be eyeing Intel for acquisition?,2024-11-02T07:00:00Z,India TV News,,
Apple merger,Google,www.news.google.com./read/CBMiuAFBVV95cUxNaldzWVMwb3psaTYwbUNuSG9jc0JnMkJBTGtUTDkyS3BpelY1b2FVOFNZeTMxZmtxYXdDRm1TRTBCeTRmZU9LOGxNaFpOeHlVU1JvMDlUa3otRW55UkZwMTJ3NWNFYWxvVnFaSkotYVJnUHRoUV9fOTVnRUpoWU9xQnhFNVhfRWxwWklheGFpcG00VUtqVFFhd2l0QUowdnpIU1RhNFdtcDdzSGt2UEhxVXItbmljUWZq0gG-AUFVX3lxTE9zNU4zU1FLMDEyVGY5OU5NNW1DNE5Jdjc5emoyYnItMFBrMWhUdG5Pdk52R0FibG1HeU5uZ1k0b1FOQXNDS3haZTFSbTdoVkJfRFBDeFdSTU1GMExCOTd2LS0xUlE5cDBSMUpJQkpKSG5QbkxWX0N4N1ZWcHBsSS1yOHEySml4QmZKUUZWVVl3ckFpZFlwbTVGeHN5TmE1RTB6cmoyZDFNNDI2ZDJsM05zNEQzUk12ZHpZcHktZHc?hl=en-IN&gl=IN&ceid=IN%3Aen,Is Apple buying Intel? Rumours of a deal crop up,2024-11-02T07:00:00Z,The Economic Times,,
Apple merger,Google,www.news.google.com./read/CBMic0FVX3lxTFA5Y3lGMFNZTkVFZGE4Si0tTVlBclV3ZUI3OFh6cTYwaTJWcFJuMEVrMWdLWjl1ak1ZdDMzRk9sU0dpZlJ2cEpPNDVuRjhHZHNoWS15b3ZIMWYyRW01UHN1T1RlUEJ2UXZOMHlQOE9BN1oxQms?hl=en-IN&gl=IN&ceid=IN%3Aen,6 Companies Owned by Apple,2024-10-08T07:00:00Z,Investopedia,,
Apple merger,Google,www.news.google.com./read/CBMi3AJBVV95cUxNTHcyQTRHdTVCNVR5VXZmeHhOQi10YlM0MzhVUFFxeThIeTAwalBiUzItdUx0ZmZFX3poNG1QNFN1VUtPU0YwdVZ1QjhJZGV3QVMwNmpKX0lMZFhSM0RxaWlmVEZHN0dHaDkxQ2VQVXo3eklVb3hER19OT2NlX3dLV0dPUF9WM3cwaW8tN1VSd2V6S3RhSm1STnQyTEpvYUsxMTBxdEtLTnBIeHYtRDFNcEtydkdrWUFSM1dIekdFY21KdXd2OUJ2amZ5QkJhWHRKM3NQY2phODljMzU5MWNnaktrbEVwbGZDdTJaeUdyMHJ3Z3EwbjJjQi0xVzZveFVmZ1NLUHBjVFM1OFFLeFQ5OTc5bUJtM0U5YnEzalFCZF9XX0tTaDJKRlNiY3M1YVpBTkFpX0swOXUyRjZsWFI4LXFVdGtOa1B0WkR0ZjBiZVowdVpmZTFLLTVJSm4?hl=en-IN&gl=IN&ceid=IN%3Aen,"Intel could potentially be on Apple's acquisition portfolio amid financial struggles, emancipating itself from an overreliance on TSMC for chips — but Samsung could have better standing",2024-10-30T07:00:00Z,Windows Central,,
Apple merger,Google,www.news.google.com./read/CBMiigJBVV95cUxQc1BUZWtQTE5rQkx5U0VsNl9sMVdIdVZwTmlYd05zZ1NkSlhrblFSNk4wLVdOWm1xeGN0VS1UeFNnMF9pQWd2TzJ4QVlvZjhzTXFoeGhCdU50NnlCM3lINHE4Zkl1WE1FcWl0UXdfNWNIS0RyTV9sY0lWejkzUmN4LUpEdmlrMXlYSHZpb2hhbmNuQTZORWJQR0tEVndvbDF3N1I4R2Y1Zy1PLTNoTmZvZFZBeUYwQ0s2NXozZjBuS0tUclBwbFBkejdkUFZTTFh1OUJEXzMwV0RfZWU2Q0pMOEc0ck12RUUzX0dEdXVFdkVWWXA0UHRlWldrdFdmSHJ1OWdZR0tVMXozQdIBjwJBVV95cUxPb1lVU3V6MlpfQlRHb3ZVdHE5N2JvanN0d2VLRF80UUlZMS1FYVN0blExeDFnZVJCam1zQnNUZU9zZ3REZDQtRzNwMkVPNGhaMXU2QlJEck83VWMtRVFtOUFCN0NnN0o4aUsyU0pWQ0diNk9vX3FIRXdDZTE3NmF5em9PcVNDODJVU1F2QmRwYlcxdDBpNXZRWkl2aWFkdGpqQmRBWU5NLTRUMWRjZmtsWW9MYklXSExZV2hZOWhnNGk5Z1lldWZ1TDhtdWtRRUdtcWZzSzBGVTd2UTRmLUk3VUdwVUJ3WHhzOWNpYkd0eGtqWThyQUg0Z2loRmNMdmFPdTA5d1RRV09VX3BQT2I0?hl=en-IN&gl=IN&ceid=IN%3Aen,"Apple set for music, TV streaming fight in India after Airtel deal",2024-09-02T07:00:00Z,Mint,,
Apple merger,Google,www.news.google.com./read/CBMiuwFBVV95cUxOTDNPN0NWOEtudDlWNjlaY1JzWnlqTVBKQnhZdm92V0dCdVc4VmljcTdqRFpMdzhWZW1jNVlzM05Gbmh5akFDTkFCZDdQMFMxMFlRWGxxWWF0cS0zanpLY2dvcjJMQlkyZTB3SmNDYVRTRDFkWGVFdEpHVnNaUUtfNzhha0lDOEpFMWtxelp0YW9GRXZNM1JZU3ktQmpHVVR2bHNnMmFsU2NrUjZGRDk4akg3OFhaZ2wzRnBn?hl=en-IN&gl=IN&ceid=IN%3Aen,Indian streaming service Wynk Music to shut down; subscribers pushed to Apple Music via new Airtel partnership,2024-08-27T07:00:00Z,Music Business Worldwide,,
Apple merger,Google,www.news.google.com./read/CBMipwFBVV95cUxPbEJlVi1renVPYzUzQ1FTSm1IX0gxbFpSS3NlcFlMdnhkeU5Mb0dpdmRra0p3bjZocHhaR09qXzJESEZ0bWFfd0VWVU55cDFkSGp5VG5OTFo3dzg1ZTJxYmtFMDhTWmZmMldWUi14a2praHVDbDVKNEJYSW94VGN5ZTFWZHA1dTVhWTEtdTNQcjlwcWtiZktKYkx6SVg3MnlwWGhHbDZGTQ?hl=en-IN&gl=IN&ceid=IN%3Aen,Google Plans To Merge Chrome OS Into Android To Take On Apple’s iPad,2024-11-20T08:00:00Z,NewsX,,
Apple merger,Google,www.news.google.com./read/CBMi3AFBVV95cUxOOTZwVFFuRXNiMzVMem5NWjNnLWNHaVJBVU5OY1hoUXdvMUJvOFp1RkNpcnZucnRNMU5CM3V6SWpuQ1Z4M3Y2ZjZfdTMweFZQeDRQSlIwS0MwWGNic05LLWJmcHVKemplZlB6V3ZyMlhIajBxVXRuQ25ZV3pkSEJqTzVYRThHS0g0VVFSYWh0RUUybWUydy1wOGwtV3RnV0Z1ZlhQOEhzV2NJeUFyR3BObExYdXZOV3VGbWJkNDRuYW9QSi1wMXFpRHhMOUhWSFg5dU5IQmg4cWw1UHNy0gHiAUFVX3lxTE9oRW5CSTV2eFZVdW10RG10YXJmMzZKeHFLTklyYWpGa0lvZGMtTzZ5VlV5X29Gc2tkODlQNnQ3bW9oaEhGNkhMUHFIYy1iTkFaWDFpNFQ5Y09MV2t0YlAtWDBlTjUzc3BKRUYwTkVxWWhGaVJDTWRDWm16eXlXbkdHRTNucXRnRF9HNDdqdGhyOWFvVHAzNTZoeTJrYkVvc2V2M1loTHVFXzVsVzJIbWl4V194NWVMVW40RU8yelNsSUNnTUpJYjZSZ283Y1kyR2lLMUNaVE1GMnJiekw1aGVlRWc?hl=en-IN&gl=IN&ceid=IN%3Aen,Tata Group drops plan to acquire stake in Vivo India over Apple's objection,2024-07-31T07:00:00Z,Business Standard,,
Apple merger,Google,www.news.google.com./read/CBMingFBVV95cUxQeFNleXJNTU41NExVNjNOc1R0b2R0SVJjM0toQnpDNDdEOE9IVllnOWt6QThGT0RUTkdLOWdkdzVPUVE2UTIyM2R4SmxKaTZMa1ZDT1dwZkFRUjlqN2FXWjY0cHhObFhLcnJlT3VoSTd4WGlKT0dSMHFpWUlVc0o3MWRKdjhIYkcxN1NPLTBiVGY4OFoyaE0xeEh5LWptQQ?hl=en-IN&gl=IN&ceid=IN%3Aen,Today in Apple history: Sun Microsystems almost buys Apple,2025-01-25T08:00:00Z,Cult of Mac,,
Apple merger,Yahoo,https://www.law.com/therecorder/2025/01/30/mergers-are-about-people-not-paperwork-heres-why/,"Mergers Are About People, Not Paperwork: Here’s Why",2 days ago · ,Law.com,,
Apple merger,Yahoo,https://www.yahoo.com/news/musk-purge-usaid-cuts-off-200000414.html?fr=sycsrp_catchall,Musk’s purge of USAid ‘cuts off workers on Ukraine front line’,9 hours ago · ,The Telegraph ·  via Yahoo News,,
Apple merger,Yahoo,https://finance.yahoo.com/news/bill-gates-theres-a-possibility-quantum-computing-will-become-useful-in-3-to-5-years-152007398.html?fr=sycsrp_catchall,Bill Gates: There's a possibility quantum computing will become useful in 3 to 5...,2 days ago · ,Yahoo Finance,,
Apple merger,Yahoo,https://finance.yahoo.com/news/jetblue-jet-lag-163500797.html?fr=sycsrp_catchall,JetBlue Has Jet Lag,13 hours ago · ,Motley Fool ·  via Yahoo Finance,,
Apple merger,Yahoo,https://www.aol.com/bill-gates-reminder-intel-struggles-200028352.html,Bill Gates reminder on Intel struggles: One can get 'annihilated' if you miss a...,1 day ago · ,Yahoo Finance ·  via AOL,,
Apple merger,Yahoo,https://www.thestreet.com/investing/stock-market-today-stocks-higher-on-tech-gains-apple-earnings-on-deck,Stock Market Today: Stocks end higher on tech gains,6 days ago · ,TheStreet.com,,
Apple merger,Yahoo,https://finance.yahoo.com/news/trumps-antitrust-cops-just-signaled-that-big-us-mergers-wont-get-a-free-pass-153029456.html?fr=sycsrp_catchall,Trump's antitrust cops just signaled that big US mergers won't get a free pass,3 days ago · ,Yahoo Finance,,
Apple merger,Yahoo,https://www.cbsnews.com/news/usaid-merger-trump-white-house-atul-gawande/,"Former USAID official on possible agency merger, funding cutbacks: ""It's not an...",1 day ago · ,CBS News,,
Apple merger,Yahoo,https://smb.andalusiastarnews.com/article/Ripcord-and-VASTEC-Merge-to-Scale-Advanced-AI-Powered-Robotic-Document-Digitization-and-Records-Management-Solutions?storyId=6799e6a005b3ce0008ec9179,Ripcord and VASTEC Merge to Scale Advanced AI-Powered Robotic Document...,7 days ago · ,The Andalusia Star-News,,
Apple merger,Yahoo,https://finance.yahoo.com/news/trump-commerce-secretary-pick-howard-162215173.html?fr=sycsrp_catchall,"Trump’s commerce secretary pick Howard Lutnick, defends Tether",7 days ago · ,TheStreet ·  via Yahoo Finance,,
Apple merger,Bing,,Apple's merger chief met in secret with Tesla CEO Elon Musk,,Autoblog,https://www.autoblog.com/news/apple-tesla-talks-merger-elon-musk,17/02/2014
Apple merger,Bing,,Google plans to merge Chrome OS into Android to take on Apple’s iPad,,MSN,https://www.msn.com/en-in/money/other/google-plans-to-merge-chrome-os-into-android-to-take-on-apple-s-ipad/ar-AA1umAiZ?ocid=BingNewsVerp,22/12/2024
Apple merger,Bing,,How Apple could become a TV powerhouse in one fell swoop,,BGR,https://bgr.com/entertainment/apple-time-warner-merger-rumor/,13/01/2025
Apple merger,Bing,,Samsung emerges as Apple's chief auto rival,,Autoblog,https://www.autoblog.com/features/samsung-apple-chief-auto-rival-report,11/03/2015
Apple merger,Bing,,"Q&A: Tech Data CEO Weighs In On CSC Merger, Apple Sales, Windows 10 And The Cybersecurity Explosion",,CRN,https://www.crn.com/slide-shows/channel-programs/300080986/qa-tech-data-ceo-weighs-in-on-csc-merger-apple-sales-windows-10-and-the-cybersecurity-explosion,09/06/2016
Apple merger,Bing,,5 Things to Know Before the Stock Market Opens,,Investopedia,https://www.investopedia.com/5-things-to-know-before-the-stock-market-opens-january-13-2025-8773277,13/01/2025
Apple Bankrupt,Google,www.news.google.com./read/CBMiiwFBVV95cUxOSlI2bHU2ZDk0dURmd3NFTDM0MFpzdEw4dHN5MjRIbWlocWlLNWIwQzlhWVozcE1saXpOZTJEX2l1YmNuYXp6S2toQWZWelVRSUdnemtIa0xmMjd2a21qeUswaTdtR08xdDdxYWg1cTdVSG9OY0VJXzlGbHZOQlM5eDY4UU5SVWNQVC04?hl=en-IN&gl=IN&ceid=IN%3Aen,"From 90 Days to Bankruptcy to a 9,000% Growth: How Steve Jobs Rescued Apple",2024-09-11T07:00:00Z,YourStory,,
Apple Bankrupt,Google,www.news.google.com./read/CBMi7AFBVV95cUxOc3Z5SXBDN0o3OHAyazdNRGVvcy1uc2FoRTJYYTFTaDkzazBhOFJ6U2RPeExmX214cE41dGhkYTVkY3N3Rmw2NVd6V2phSTBkdW40dEhhWC1IWTRFaEZNM0M3SXE4RjhKQzJFNEpqRWVLWHNLenlzVjlMT1JZeFVySDVQQlliaXc1WUVTbU1uMlBwT3hjT19yaXlRd01fSzVZZ2o0ZnI0TVBhR3VGdE9TcG9SLWhzMFRkS2REUC1TaVFQQ05TRmFzdkRxWmJ4NXg4Z1pjdG96dl93Ymhtc3JXbVV3bndYRkVQVENkM9IB8gFBVV95cUxPOFJ1Wmw5cDI0MEFSYmdQYVA5Y290WDFnZWpaX2dOb0xiWWhTT3hCX3E3TjdRdkVoNXdvU3RyT0lTSUc3Y2JzWUxwRjNyYjVSSHVLd0RYeFZ1RWJ3Y000UGZiX0pucUxXMjNHZzVFOHpkWFJXcC1lYmtKelNVSGZfbmdyUm9KdUlMc3FMcko3Vi1xTWdVQzljZU5qQXNMVHhiaTAyQlRYQmFObDdTZ25OeFBHVWF6NjdmWlBjT3VBR2hPb3hONHlWVW5aQmg3OTl4T0x2N2VtWnJhNXgta1hkcFk3dG5DaXFLOFNFTkJKTlNaUQ?hl=en-IN&gl=IN&ceid=IN%3Aen,Why Tim Cook joined a nearly bankrupt Apple and one thing Steve Jobs did differently,2024-10-23T07:00:00Z,The Economic Times,,
Apple Bankrupt,Google,www.news.google.com./read/CBMiugFBVV95cUxPc1dVdnhLcDJuODlLLTVMU0xvU0w1RmZsN282NnpTemdwYklUdnI3OXJlbnNPMUV4X0RhOGdJbUhZbHdHZkNDYXFPVnVwcmFnVlRQR2YtOUZOZDZfdWFSLVFQOElQSW1TWTdCTlJidGZKX0YxdE1KTlk3SGxTMVV6bndOQ0RxTVFIM0ZsVm5KM0FybkhtZlRYLXdXOGUzd2ZtUDJzYTM5UTFmbGN0SGJnS2ZfZkRpQ3pTaVHSAcABQVVfeXFMTzJsc2VQbUJlUHh2YW9ObTBBc1NjYmplNVE0OVlnbW5NWVFMR1AtM1V1SkJHZnFjOVJMSGZVQTl0eE9oYnRGN25wc1E1Nk1vUF9GeVJDQlItRTRyVm53ZWlIOVFOZGRaS1JBMWFsTnJ3NTBlb3h0U2dJX09UTnFfNjBneFZnX1NDbnZpRmZrWFRNVmVtYmJfOWJhOE81OWswbDNqOTkzcEtBLTZLWFc2ZjZtRHdBcy1PLWdTdzVENVlO?hl=en-IN&gl=IN&ceid=IN%3Aen,OpenAI is heading towards bankruptcy unless Apple and Nvidia come to its rescue,2024-09-17T07:00:00Z,Digit,,
Apple Bankrupt,Google,www.news.google.com./read/CBMizgFBVV95cUxNWVkxbWFLU0U4UDRSSThIQmF5UkhhN2Y0andiVTl5VjN5ODRDLXpuQkJJUXQ3blNQNi1sb2FEeFNaQzM4d3F3YV9fLTh4T3lvZ0V3bzFiaXJFd1E5WXlaZk5ndThONjlFLWdtTFhrcFJiaXpiME01ZVJDaE1wQk1aSUVWREtsVzJ3Tkt6b2NVNE42a2FXbEstMUxaNE1hclotVTVPeV9vMHdIQUdmenF2V3FxV1BYYjNjcEZqOEdxTm1qQTdmTXluX2JvVXU3dw?hl=en-IN&gl=IN&ceid=IN%3Aen,"27 years ago, Microsoft bought $150 million worth of Apple stock after the company almost went bankrupt",2024-08-06T07:00:00Z,XDA Developers,,
Apple Bankrupt,Google,www.news.google.com./read/CBMijAJBVV95cUxQREhzS2ZwOTRLeDQxS2RHQXZ5aVlOZzNSR1dHLU1FM3FSRXZRX3VOXy1oZENodlVJd0I3Y1ZRalNfcGYzNUN1MFJLM0lvcmdWSHM5VFRma2NOald5bGFBWThkLVJpR3BVejllTjV4X2M5SXJfYmZFam9nT0pzZWdyVDZ1M2F1Z2lGQk50UjJTaXg5UzhWSEVoT2VfWTRqbWtKT1Z2SUNGWWQ2XzJ0MExOd0pLYVR5QTJrM3A5VDhxNWM0QmtHS3JQT1ROYnItd2d3aDZPeWVzZjBxZVY2SnNESkc3TU8wakYyZlFtNm5PclVIUFRDNXV6Y2VxcDhzT0dCWEp1TFR2OUUwTHpz?hl=en-IN&gl=IN&ceid=IN%3Aen,‘That will bankrupt even Bill Gates’: Tesla CEO Elon Musk sounds alarm bells as he crosses $400 billion wealth mark,2024-12-13T08:00:00Z,Business Today,,
Apple Bankrupt,Google,www.news.google.com./read/CBMitAJBVV95cUxNSG1lQ3lubktBSG1mMV9CVy14d2hmM3pBTEFES01QdEVGZGk2NHlPX21LXzVjSVRmMWx1RDgxbjBDQmVhWm45eG1mVV83dzYyYTZ5a2JDbmFvODlGT1ByNEpDUWhrd21fR1IySm02TFIxOWhQbzZjSWl5U3d0eC1yOW9VamZieFlJWWdGQnJTS05RLURLdWpibTlmQjVObU5pOHdMdVZHUUd0ZElzZFZtVzl6SXJ1X3NEU2VhaWdBR1RMNnhfN3BLdENra29PYktxSVM1VGJxRkk2cmJSLWZZUnlEOXZVaEo4NURfTTZfNWEteVgtcUpVQm9VZDhTV3BQbUx3SzBIX3VVWktFUjdndW5oUDdod1FtMk1ZRmlGck1lRHJJd2x2dDNRUjRpbW5VdnVGTg?hl=en-IN&gl=IN&ceid=IN%3Aen,OpenAI's bankruptcy flames linger on as Apple wiggles out of its latest $6.5 billion funding round at the eleventh hour — leaving the mantle to Microsoft and NVIDIA,2024-10-01T07:00:00Z,Windows Central,,
Apple Bankrupt,Google,www.news.google.com./read/CBMiiwFBVV95cUxQZEVxM0ZJZnVwWVVwOG1iZUxUbW0zNGY3aktYcm9obklNay0xU3FSOXRxelhhOGlJUWRyVml1VnJPMW1uRkZCb003dHJiRlUtWFktbnQzWWRXSEJrcGctY3lGbExwbGljZldVWEQ5WVQxZ1M3WHRoNEVWRGExeHhHUXRaVDZYaEhXRGV3?hl=en-IN&gl=IN&ceid=IN%3Aen,Apple In The 1990s: Why It Nearly Went Bankrupt,2023-02-10T08:00:00Z,TheStreet,,
Apple Bankrupt,Google,www.news.google.com./read/CBMizgFBVV95cUxONVo1UzdOYVVaaGFWdGV4TzljV2pnT1EzVk5BYWl1S0tXZkItYVVFaGotb040b0xxVkdvX0t6Y1hZS0R2V2xqc1UyRktyYXBJaWZvMnRyTmJrMlhrYVdXN3BMRnkwY3lDYnhVZm0zMG9CUW0yaXRYVXhNTjdEQnBfdkM5TlhXLWJ1N2w4ZjB1MUJvUjBoYlJxMktYb0VOcjExT0VvV2VYVmdZNno0RGIyaFlvY1F1MEI0cHZHcHRGN1p3U29Gc0tabXF4Qzdzdw?hl=en-IN&gl=IN&ceid=IN%3Aen,"‘Perfect storm’ of factors hits Washington apple farmers, driving bankruptcies, consolidation",2025-01-02T08:00:00Z,The Columbian,,
Apple Bankrupt,Google,www.news.google.com./read/CBMi0AFBVV95cUxNZXV3UDF2S0llMGVjX19JbURmN0x6WERoSExqblRxQkNwRW5PWFBxV2lZNndnZDF1aWR5VWdIaFE3ZHpzTVBDc2pHTy1iYWN0VHN6eERxbHplR2NBRmxBOFdYVDJwV2tEbWpvbzc1Uk14WUNfM3YxdW8ySHVYdnMyWlZ4bUplY21KNnNCVFhVWEdmd0ppd2VHekFIb0pHWmFNb0hnTV95dm9SWGZVNXVoMHRqUThYbTYxcmJJR25INFZHaVJvQlFLWF80X0lqRUM3?hl=en-IN&gl=IN&ceid=IN%3Aen,"Microsoft, Apple, and NVIDIA will reportedly bail out OpenAI from the shackles of bankruptcy, pushing the ChatGPT maker’s market valuation to over $100 billion",2024-08-30T07:00:00Z,Windows Central,,
Apple Bankrupt,Google,www.news.google.com./read/CBMirAFBVV95cUxQelVVa2NYaVlkdkZzZnA0a21tbE1rdTZzdXNKcFN2ZGFNNTdFRlFWQ0s1alRLVXVUMG42V3JoaVktRjRpSy10dC05aG1BbU1iLVRIOC1LNWllb0JfSTBYRzJ1bHFHSGJHMEFVZmFGQ2Rac0YxXzFfMFR3SkRGY012OTVNLThRMjFUX19MVHVjUUg5X2Q2U190U3ByOE1TZ0VCLXFQMUlvVTRyd29N?hl=en-IN&gl=IN&ceid=IN%3Aen,Applebee’s franchisee files for bankruptcy after creditor lawsuit,2024-10-09T07:00:00Z,Restaurant Dive,,
Apple Bankrupt,Yahoo,https://www.yahoo.com/tech/mixx-revival-55-suitcase-record-235647190.html,"Mixx Revival 55 suitcase record player is cute, colorful, and perfect for newbs",6 hours ago · ,Digital Trends ·  via Yahoo News,,
Apple Bankrupt,Yahoo,https://finance.yahoo.com/news/mark-zuckerberg-says-huge-ai-114500151.html?fr=sycsrp_catchall,Mark Zuckerberg Says This Will Be a Huge AI Breakthrough in 2025 for Meta...,18 hours ago · ,Motley Fool ·  via Yahoo Finance,,
Apple Bankrupt,Yahoo,https://finance.yahoo.com/news/6-8-yielding-dividend-stock-093200805.html?fr=sycsrp_catchall,This 6.8%-Yielding Dividend Stock Takes Another Crucial Step Towards Improving...,20 hours ago · ,Motley Fool ·  via Yahoo Finance,,
Apple Bankrupt,Yahoo,https://www.aol.com/amazon-ramps-ad-spending-elon-220024865.html,"Amazon ramps up ad spending on Elon Musk's X, WSJ reports",5 days ago · ,Reuters ·  via AOL,,
Apple Bankrupt,Yahoo,https://finance.yahoo.com/news/easy-money-driven-trump-dollar-151200081.html?fr=sycsrp_catchall,"The easy money will be driven by Trump and the dollar, not AI, say Big Short...",7 days ago · ,MarketWatch ·  via Yahoo Finance,,
Apple Bankrupt,Yahoo,https://www.yahoo.com/news/texas-become-silicon-valley-why-080000733.html?fr=sycsrp_catchall,Texas has become the new Silicon Valley – here’s why,4 days ago · ,The Telegraph ·  via Yahoo News,,
Apple Bankrupt,Yahoo,https://www.nwitimes.com/news/local/region-comic-book-stores-face-uncertainty-after-main-distributor-goes-bankrupt/article_42cd9360-dcc4-11ef-a4f9-7b51d64138c9.html,Region comic book stores face uncertainty after main distributor goes bankrupt,7 days ago · ,The Times of Northwest Indiana,,
Apple Bankrupt,Yahoo,https://www.nj.com/shopping-deals/2025/01/amazon-has-the-internets-favorite-24k-gold-under-eye-patches-on-sale-for-just-48.html,Amazon has the internet’s favorite 24K gold under-eye patches on sale for just...,5 days ago · ,NJ.com,,
Apple Bankrupt,Yahoo,https://www.yahoo.com/entertainment/disney-15-most-ruthless-animated-170000288.html?fr=sycsrp_catchall,Disney’s 15 Most Ruthless Animated Villains of All Time—Ranked!,5 days ago · ,WHERE IS THE BUZZ ·  via Yahoo News,,
Apple Bankrupt,Yahoo,https://www.marketplace.org/shows/marketplace-tech/whats-next-for-twitter-under-elon-musk/,What's next for Twitter under Elon Musk? - Marketplace,6 days ago · ,Marketplace,,
Apple Bankrupt,Bing,,Apple's Journey From Bankruptcy to a Trillion Dollar Brand And Beyond,,MSN,https://www.msn.com/en-in/money/news/apple-s-journey-from-bankruptcy-to-a-trillion-dollar-brand-and-beyond/ar-AA1qKTaz?ocid=BingNewsVerp,18/09/2024
Apple Bankrupt,Bing,,'That will bankrupt even Bill Gates': Tesla CEO Elon Musk sounds alarm bells as he crosses $400 billion wealth mark,,MSN,https://www.msn.com/en-in/money/topstories/that-will-bankrupt-even-bill-gates-tesla-ceo-elon-musk-sounds-alarm-bells-as-he-crosses-400-billion-wealth-mark/ar-AA1vNqFy?ocid=BingNewsVerp,13/12/2024
Apple Bankrupt,Bing,,EV startup Canoo files for bankruptcy and ceases operations,,TechCrunch,https://techcrunch.com/2025/01/17/ev-startup-canoo-files-for-bankruptcy-and-ceases-operations/,18/01/2025
Apple Bankrupt,Bing,,"Apple loses smartphone sales crown in China, drops to third in 2024",,Channel NewsAsia Singapore,https://www.channelnewsasia.com/business/apple-smartphone-sales-china-drop-third-2024-vivo-huawei-canalys-4861726,16/01/2025
Jio Lawsuits,Google,www.news.google.com./read/CBMigwJBVV95cUxOOC10S0otdWljTmtQWjkxd0xEX09LZzB5RzFzWW5vYjNHVDJjOG4wOEUwakE2bVhoWXpocWJwRnVHM2dnNjI4NW50V29TajFsWHFPa3dEWWxmS1NPR1duUWFyQ1EtY183Y3o3ZTVvZ3BZdHRMQ1R0ay1xdTVwRTZQTkdlWWgzWkdydjlkYy1sWkszMEtMdXZfX2pYUm1QSmt5ZllwNThValBBcWI4My1zWFhLZUp1dk40QjZSa0hFbFFzVTN2NllGUFhTeXNTLXR5MHpJUldLcmdSS2t4WWRwbDFsekYtTUw2RjJNZkk0QUUyR2VsUlgwMUNDMXdNRVltd2Rv0gGIAkFVX3lxTE42SUtZcVh6dmFjSjlxVmI1T2RuUmJmUldiM0o4RHVlV05wWlhTQ2g2aVcyRzlydGZ5dzR3Mi1kTWlDVUZicHhKWkhlUDJZeXpLOFowSkEyUThmbTlsb1BEMmhVNnBZN0k4VTlOb1dYcnBoRXJDME9NcGJWVW9EaHluODlzd2ZRcThfWDJDUmt3anFTazJiWVFsU0p1SFM5eVlyWG1BWHV1THpJYkxtNXhySUNMUG9lazdWRXBGcmNRYkNuaGxCQjFkVm1iZXc2TUMyNzM1V2JQV2NrcElXNjFpdkZhYUFKT0xNbU9wcGppZzFvRWdRWC1Dd3JfVlNaMk5uTzNXMXByMA?hl=en-IN&gl=IN&ceid=IN%3Aen,"Reliance threatening legal action, says techie who asked for ₹1 crore to give up JioHotstar domain",2024-10-24T07:00:00Z,Hindustan Times,,
Jio Lawsuits,Google,www.news.google.com./read/CBMi6AFBVV95cUxOZHFVNGdycVpIZU4tZlZJM3hDSjJpbVFRcl9OZlk0UXJWd2lRc19fVTBud0RzVENvRkZmZl9NcFJCQzRodzFEb3pUOUtrVklVU3RuMkpJb0VoUGRHTHdvZW9aOEFOSjB6M1E3Q3EwT29tNEZjUzFhU3U5UmZVQnp4R1d6eWdsR3ZiZm9mYmlSRVhYWEFmZ21MeVRlcnBHcnBUU3RXdEdWaTFleGJYRXBxOWNMZl9yaVpFcmgzWHBTbmljVzB3TkRqVG1vTWpmcDN2ZTBYMThlYkQxVWVzVnZmdUFsdHB6RnI4?hl=en-IN&gl=IN&ceid=IN%3Aen,Developer allegedly faces legal heat from Reliance Industries over 'JioHotstar' domain,2024-10-24T07:00:00Z,Business Today,,
Jio Lawsuits,Google,www.news.google.com./read/CBMitgFBVV95cUxQdWZob3VHSkh0Z0pxb09oWFV0TmVxclpWQ0RoY1RzRjFrUTJqNWdLMHoxM2d4SHVYLVp1dXl1dG0zalFMWG5UQ0dnSzFjYzdfMmswVmtjN0tTc25Db0RPLUNyNFZVd2NFcFNlbVlKdzZ4eEM2TTVOSWVGdzlnaENDb3NkODVpM18xbk5PcHRYZWJ6VnBCa3pTejdCd1kzaW9FSkxHb1o0Y041TlVOdzlWMzg5MGh1QQ?hl=en-IN&gl=IN&ceid=IN%3Aen,"Developer faces legal threat from Reliance over ""JioHotstar.com"" domain",2024-10-24T12:31:59Z,MediaNama.com,,
Jio Lawsuits,Google,www.news.google.com./read/CBMivAFBVV95cUxNVHQxVlFPdlpFS2c5SlRBbFBTb3Yyb2dvT3lGU1NWVUJSUEExQTlzYWlQWDFTVlBEdy1LQ0kxSWpKZ3hnaEJfLUVzZmswUG05alFScVBmSUdBa3pKbHdRUEVvWmkwSVRuNDlfZU80SnBORXFZQTFYZE9GbFhtcklScXRyanVsNVZaaW85QUk0WnlMSVl2VkxDNDJUOXFiMU9rTG04S2x5QmtFanE4b1JOSDBaaV9QLUtiUEY4bdIBwwFBVV95cUxOUzN5V0UwUk9XVVJuNTU2emlOdE9YSlUzMXNLd29TcjRGSXNlWHo4cENTeFZIbVV0YnU5STh1bkI4MFNXSTlQd1I5MV9mZlV0eE0zeDJXQmJ2MXhvTjMwNC1WaHprM1dzX2VuT0ktaUJidVpOOTYxY2g4Qk85YjZfVVUwVUNscUp1cElicVU1QTdidVV3aWdjeFpLUHlLVzI2MjVWTlByOW5aRUJwNFNJS3NUa2loWTBmQmpOcDYxMm5QMWM?hl=en-IN&gl=IN&ceid=IN%3Aen,JioHotstar vs Delhi Techie: What is Domain Squatting and can there be legal action?,2024-10-25T07:00:00Z,Digit,,
Jio Lawsuits,Google,www.news.google.com./read/CBMi9AFBVV95cUxNOTN2QTdYcEpsZlJ5a1lYenp3UzBOUHF2YkprUDZ6S0ZvbkdiOXB5M3pqQ0NlbERQWUZKM1F0ZGk1cHQ4TFN2UHBTWEgtbDhDQ015RFgwZGM3OTN3WWd4WHNTbjJqZ3lXVnEwaFl5VVlnLXRUYkN0SWpMUHBMbGlobGRIQ1dmRnBSTmZENnhaYXpkdXdXLXQwcDBrNzQtT1ZaT2VwXy1ELS03WnpodzBJUUprSHdPNnhWUFh3WVQtcGpfZWtQalozdFZVNFhSUU4zQUc4Y295Xy0yX1N2OW5XVVRjMlFXb0EtakwzeHNpSXlvYUhN0gH6AUFVX3lxTE9ibkxlT1kyV1RoRWtWWlZZNGx5OTlKb09NYkJ3ZWNLekhyVGtMVTFVVWNFSEV3Z2t4d0pycWVIWkd1b3ZGYnhTendqUGhlZ05EY3BzYTRxX3ZldUJCSG5pY1ZjVk1FTGQ1SDFDak9mczhZVkV6R25GS05jZWIta0hia3VOWjMxTDdzS0U3a0ZhSVFNaDZJWlpnU2tYTlExNHd1bWdNMmFzT0hWNkdrZ1pIVmFQc2tLVzYzV3VBZ2dMRlJXbW11eXI5SlR1X244QjM2c1dfMHdJUFJ6dGZRQWxnbjdjQ1poU21ncVFOdlNOTkhuS0J2SVdBd0E?hl=en-IN&gl=IN&ceid=IN%3Aen,"I can handle a legal battle but not maa baap's kalesh, taking site offline, says Jiohotstar domain buyer i",2024-10-25T07:00:00Z,The Economic Times,,
Jio Lawsuits,Google,www.news.google.com./read/CBMi1wFBVV95cUxPTjd0SU1ySXhVVzdvc3Y4MUZibzVjenRIdzRaSlBJRFRsaVNzTDVrZ3pUNGlvQ0phRHhVcFFVMVpYbXdyb0kyLWduX05EaF80SGVFQkdhVU5oWjVSRUJicElNUHlIaUR6VGZYVUlkSGNyOUlWQWR1dlBnRVdyblJFXzJNYWliSi00S2ZOMXdpclNNTzRXNWtiNzZkcksyYWtwdVJMTE9Rc1lYMkpZNjF3RHFxOUFCNEhJcy1FRFU0YXh1T0J6SDdjS3Q4VW0wS1RsX1o0QThSZ9IB3AFBVV95cUxOekQzTXRNaEZVV3dqV1FXX1F5U09lNnp2VEx0bGpKTkpBX0pFbFdwT0g1aGpJRF9lcUdTdVg2ZlRQc0NRTk94REE4SS0zQTJkdUxjOHAyTlVuWUY3bUZjaThvRFROMzhfOWV3ODVaYXVtblBhUlRtb0NPal9YN0hadzAyaFNSNTFOU25HdmxCa1dDZDZyTWtfY0FpazliTU0xUkhZSFA4LUNsbmV4TXUtUlQteE05djhkMDctWHlLNzlRM0JTVEpBZ2ljSGNGY0F2cU9jMWdhUXRTZGdM?hl=en-IN&gl=IN&ceid=IN%3Aen,Jio Mere Lal: Meet the secret superstar who outsmarted Reliance and secured JioHotstar.com,2024-10-24T07:00:00Z,India Today,,
Jio Lawsuits,Google,www.news.google.com./read/CBMi0gFBVV95cUxPbFN5TWctTW9EMDA3QTdBMW94bHNjT0s4Tkx4bExPbENTYldUcmdBdXpDY2N6OVBjOWNWcG1NSFpqUWJtRFVRSlkta3BjT2MyWmZpa005TVBRRDdoa0dqUjUxd0ZBY1I1TndXSDFPbGxwOUxTSkxJdHBwQlJkcGJWT0hReDF4dFdkLWpSamEwQ3hDdG40RF9zbGg2TkVmNTEwUDQ2bFJEcEpjaGxSZzNhWE9HV2xwR2hneXN3MXRmdHowN2dHVFF4amNCN1BmR1Q0NlHSAdcBQVVfeXFMTTZoNXFTaDJIbW9ybmFUdEVaVm9Yc1hEX1VEWFFYNEE4SW5uaEJ1WU9UcVJvdUdpSVJ3a2F3dHFSOVh1TjNWTExMT1VVaHNuc05POURpVXNFSHJvcVRYTUJoZjFhVVVyWm9oQ3R5Z2xVVFFtaW52VGZXeE41ZmgwQmxLQy1Uc2oza1hsVlBiNnJHaWd0OUtsMWdTcENXNGZjaTE4VVRLTTN5TVctTmtjYXo0emt4aXE0Mm5hLXhyV1ZLcE1qYmhaRURpc1RGblJUdGZxYWtORW8?hl=en-IN&gl=IN&ceid=IN%3Aen,Disney settles lawsuit for $43 million over alleged gender pay disparity,2024-11-26T08:00:00Z,Business Standard,,
Jio Lawsuits,Google,www.news.google.com./read/CBMizAFBVV95cUxQdWpfSHFnT0NNazdFelZRemlwNWg3eEVPNlU0RUk5Z0Q0dmp3d1ZuRldZRWlUMm9zSkdLb0Q0UUpYckV0dU4zbFJ0b0NkVHRXWjVMYzBmUDc5bGJKS2tsX0dVUElGeUNHUHgybXBjTTh2OF9xQ3pacFhOOWFybHlfVmJuYkFKelZ1RnA3emozY2FoSlF3aTk4UXFVMHg2SWxPM1RtRmpCSmc5bkI0Y3RUZ0RJTnFUampQeDVlY3BBbUs2OS1GaGJ1ZmxLQ0fSAdIBQVVfeXFMTTFiTWZoVVZHODRXeVh4NkVxTmhhV3N3ekdkNnplc2hqTHplVDFReVRnRFI1bjRqeVVya3FNcVZRU2tmdUY5cklreG56TGRNeVVORDltM0w5OUVLY2JmcDBya3hmWVExR1NjVm8xdUg3R21KQTY2Vmp6ZkZTOEtSWUk4WDZ2MERra01vREpsSktwMElLWVNhZERnMmxwdTNyN0tkb3hjMzdGQ01LS25JQ3JldVRVdEZrOE5uT0FpSnl4amZQYVRobF9zc2otV0RjeE5R?hl=en-IN&gl=IN&ceid=IN%3Aen,Bihar Jio Subscriber Files Complaint Against Mukesh Ambani At Consumer Commission,2024-08-07T07:00:00Z,ETV Bharat,,
Jio Lawsuits,Google,www.news.google.com./read/CBMilwJBVV95cUxOX1ZXNnZSRUVKMkNsa3RjU1lyUFlSQlRwenlacm5jNmlWVXp5UmNzXzRTZVI1Y0RqeE5GamRTak93dlEySmdQOXlKMEt6SkJhdEhhaFJSLXJmQUZUbXFCRzBETWZzVTJiTkdiMWtMWVJYMm9XNzBmb29KNE1hVy1nb2QyTWJORlZMTVRKc3k0SXo2MmNuaF9ubE15SEgteVhKcnpXdC1xU2lvRllXZGV5M1doUl9UYkJNVnlWZ1ItbUhDUVhUWldHckdaWDFMcjlJTEhxb25RNVBVek9SSWs1eV9LV1NiNTNXQWFpWVZuSHBNMlZzR1BTNTVVWkVHQnl4VnU2MmZ1SGxyeThDRy04VFBRQnFTalXSAZwCQVVfeXFMTXZTeDEyRUYxQk0yelNwUFNYVDhLMm9PTHo2YjVUUk5BaFdPZ1JaN3IzZC1nakVuY1BqSG1VY1EwZVp3SC1RQkVtT0dQRnBUeFZPc2xjNE1PYlFsYjhRaE54bUJIV0s1eXRQS2xjTXFWUDBYYnZpblpCazk4UW9nbmZTcnktNlVNR0FnaW9EVkxGOHNROGN6WUIzMndGUUQ4aS1kcDd2ZEIyX1F1MGhHQVo3R0U0LW1uMC04bjJ1ZzFkNHRFQ3BWZ2h5X1VNLWJOaFI0QUc3SE8xeXFWRE45T3dETmZtUjNkckRwc1ZCV1RQamxwUnk1Z1gzeW41M2lXSmhEakZmOGh6U3hkNmt0MXBQV0gyY1VtYVl3RGU?hl=en-IN&gl=IN&ceid=IN%3Aen,JioHotstar.com ownership dispute explained: How JioHotstar domain went from Delhi techie to Dubai sibling,2024-10-28T07:00:00Z,The Times of India,,
Jio Lawsuits,Google,www.news.google.com./read/CBMivgFBVV95cUxOdm1FcFphbUFsR0ZUWkl5dXpTVFpvMXpfUTdST0RrYmUtdWJDS056c29lRm9ZeU1KNUUzem1VUXIwZktLc21hSUZta2pQYzdEQzdjbFRRR2VadTFoMWFXQUo4RTJodWFVeGZfMGtUSnpJWWh6bjAzMEFZR19nRDBXRVZUbFJIYTFIYUhpd2ZjRVJ2U05oYVJnM3NING1CaS1lbnJYYlpZcmVlYXhBR3RTaVhFM3VLVnpsV084SjVn?hl=en-IN&gl=IN&ceid=IN%3Aen,Techie who bought JioHotstar domain ahead of merger says Reliance denied his £93k request,2024-10-24T07:00:00Z,OpIndia,,
Jio Lawsuits,Yahoo,https://nextshark.com/mukesh-ambani-cheapest-internet-connected-phone/,Asia’s richest man launches $12 4G phones,2 years ago · ,NextShark,,
Jio Lawsuits,Yahoo,https://www.yahoo.com/tech/apple-google-alert-smartphone-users-202347307.html,"Apple, Google to alert smartphone users of nearby wireless tracking devices",9 months ago · ,United Press International ·  via Yahoo News,,
Jio Lawsuits,Yahoo,https://www.aol.com/youll-now-able-tell-tracking-185807929.html,"You'll now be able to tell if a tracking device, like an Apple Airtag, is moving...",9 months ago · ,Scripps News ·  via AOL,,
Jio Lawsuits,Yahoo,https://www.yahoo.com/lifestyle/worlds-richest-families-privileged-pass-140000608.html?fr=sycsrp_catchall,"The world's richest families, a privileged pass to college, and microdosing...",1 month ago · ,Quartz ·  via Yahoo News,,
Jio Lawsuits,Yahoo,https://www.engadget.com/apple-and-google-roll-out-a-cross-platform-feature-to-tackle-unwanted-bluetooth-trackers-172411423.html,Apple and Google roll out a cross-platform feature to tackle unwanted Bluetooth...,9 months ago · ,Engadget,,
Jio Lawsuits,Yahoo,https://finance.yahoo.com/news/indias-religare-says-us-businessman-072427155.html?fr=sycsrp_catchall,India's Religare says US businessman makes competing offer for stake,2 weeks ago · ,Reuters ·  via Yahoo Finance,,
Jio Lawsuits,Yahoo,https://finance.yahoo.com/news/ipl-chennai-super-kings-ms-dhoni-000047734.html?fr=sycsrp_catchall,"IPL: Chennai Super Kings, the power franchise led by MS Dhoni",2 years ago · ,Yahoo Finance UK,,
Jio Lawsuits,Yahoo,https://techcrunch.com/2023/10/29/a-look-at-how-one-fintech-ceos-pr-decision-backfired/,A look at how one fintech CEO's PR decision backfired,1 year ago · ,TechCrunch,,
Jio Lawsuits,Yahoo,https://finance.yahoo.com/news/star-founder-broke-down-tears-000000431.html?fr=sycsrp_catchall,Star Founder Broke Down in Tears as Crises Engulfed Byju’s,2 years ago · ,Bloomberg ·  via Yahoo Finance,,
Jio Lawsuits,Bing,,Jio Financial Services Announcement under Regulation 30 (LODR)-Acquisition,,Indiatimes,https://economictimes.indiatimes.com/jio-financial-services-ltd/stocksupdate/companyid-14555.cms,21/01/2025
Jio Lawsuits,Bing,,Jio All-In-One Explained: Here's the List of Jio All-In-One Plans,,GIZBOT,https://www.gizbot.com/telecom/features/jio-all-in-one-explained-heres-the-list-of-jio-all-in-one-plans-108103.html,11/01/2025
Jio merger,Google,www.news.google.com./read/CBMirAJBVV95cUxNc19pQjQ2alZzU1ZhRHZBb2F4dWVVMVpiazhFcFctRWdtNTBqVU94RGY4RHdBOXdKNTU1U3hyeUZJVnJXUi12NHNEc0JBMkt4Z3REcXl3QUNmMmRUaVBMd0s2Z2NDTUJmV3pQSXRIX0xZYkpRSS1pX3RGUzdOMktmWE5YdURDdTgzSEpNZTJWMTh5VUNjZGNjdFJDbTZ4djNTSDJKWDVSSmJnWlV6dXZ6Z1JkR21yZVliNURrLXBDN1FqX2UxM2VSMDN3QUxOS3dFUzVWRUxSQk03VUI1Rl93aWxuS2p5ZVk0alpfLWdpZTlPRWFRYkNsRTdkTzJKSjlIejVFTnVzUEk2eEdJa1lIRGZwd1lYXzVQY1l1Y1NZZXFzWjN6T2NKbUU5VXXSAbICQVVfeXFMT2tLZ1lST1Q2emVIbXczNDV2LWR1b1JmbXhNd1hsdmY4aHIxM0dTTjUwYzJIb3VaYWVYNU9Oc2VmWTUyWS12UkNvdnpvSW1XV0xWWHZBdFVHM0I5UkNidWVjdWxJQlFndXQ5S1YzR3FWQUZ4eVlLQXJGTV9Bb196UFNVOWFrRzZYczhDbjI3cTNQU0t2WmdaUTViQm85YW5zZWxCTDZSS1RhREROM2ZZckhZaVBGMTJyNEhvRTRGM1M5Y2Q3Ty1mV1BxRFk2YU0yQ1lqSG1wRmF4RU5tcDRTZmUxTnZzYTg0YWRPdnFLRUZ6c3NOaE9oR2luUTRqdjVSWFgzcmRDZV9obVlTOHFERmEtM1pVLS14NFdadExHZHVYVkJQNHpaZmhHbFNMejljWHN3?hl=en-IN&gl=IN&ceid=IN%3Aen,Reliance Jio and Disney Star merger complete: JioStar.com is the go-to website; this means a big ‘Not Int,2024-11-15T08:00:00Z,The Times of India,,
Jio merger,Google,www.news.google.com./read/CBMiwAJBVV95cUxNMzhTYWpTU09CeXQ3c05HUXV1WUJWdF9oWUtYQnVfNHZGaF9zOU52UjlPd1UyeUJ4SlJIb1BfbFR6Y3JiaFpPSEx4N0NkV2NWV3YxSWc5X3JXa1g4NEZRZ3ZNQTZaLUc5SmgxWTlpN1dIc05TVEhVb29WMGh3N1JkTlhsTjM5MnBTX1hzSTNRQmF2ai1aRGFKN3dJaWY3ckwzdE5Pc3NZVnVBNDNRbVFiM2dmZXVuTmlyS1BjUGpKaTV0eGY4dGFfMGR1TER6RnhDRVQ0bWRleGRtUGs2NEE2YVQ0cE0zVE9ZME9zM1ZYVDBNd2RJdzJURU5QVFBoU2xORmJZb2tzbmlKNFJYUWJnRTJFNmhRaU9EY2FPQm82QUNDUHRra1o0eEFQRUZZYTlPUGpmVnpZUVBoWW5LRkhqeNIBxgJBVV95cUxQMzk1eEpBM3pIdmIyX01ISEFzalNCdkJfRHJiWkkycTBNVE9SWXFfYWxPeUJrRzlTOWtkck4yZzFwYTRzWXZZQkV2MHhycWM0VkZ1ajllYVNENVFaWkRLNG9MR2JQSW5PRmtkR29Jc1FQOFlTYi1LVWpIcDNWaGVzcHhSYWpONHVIblF4ZlBiTElTQlRmUm1NZ3cyS3ZfNXdTMTRjYWVyWHZqSmhLMFYyUDdPd0hzNkh0TmxYNzZBWjFGbk96UUlDSDJxTktrbXBjX1FxcjVJMGJ1T25EVUhMNENPX29SVXpKTU1PQXg3RGZocElhR3lod2NsNDZ1Rzd6bExrZkRzVTNWelotblJwTDZ3NzNCTDdIMTUwLUZ5SFp1aDJDSWctNm5WLUxseGJ5NmlZb3UzV0duc2U0TmNyYndrVmtfUQ?hl=en-IN&gl=IN&ceid=IN%3Aen,Mukesh Ambani's gift to users after Jio-Disney merger as JioStar announces subscription plans starting at jus,2024-11-18T08:00:00Z,India.com,,
Jio merger,Google,www.news.google.com./read/CBMixAFBVV95cUxORWU2ZEZPYmdselhHQjJHTFlYbVlmZktSVjdqYzJXdXgxZl9iLXhzYjR0NzRLLVJYT0dKMC1zbE9pWXlFdWVacUFfMElHSlRsMnF2RVBxbGtvSFFraU5MZVB3YWlQdldKWEFaSk5IOGwzQ3Z1N1ZRWFNybTQtQzdlNFZtYWFoYXpiaFE2Z1FzbERDUTJ3LVl4OE1VTFM1dWZVZ1cyOGZuY1pOaVFqUnAwT1BtMFNwdF9sa2pqZDRFRGt2QmJ60gHLAUFVX3lxTFBzZVJLaEtZRm1vaTRWY0ozMzAyQW9xaG9zd2owTGtZR1BVVHQ2OEQzSjZCOXF5azBLcm9JbGlkRi16eGtlOHRad0Q3cWs0UXdwMk1xS3F3bXFuYUJ2RXdUMjRfYmdGTUNONl90aTJXVTFvSEVXNkttVjBWY0M5RGUxSk8xNFNPdS13SGg2V3VYNUxqTHpEYTdOOV9kakRTdG9kQ2FfZzUyVUFieWJ4Mmg4WDgtOWZlQVJOT3FhWWxqNEtDMzN4TGFRNzd3?hl=en-IN&gl=IN&ceid=IN%3Aen,"Jio Cinema to merge with Disney+ Hotstar: What will happen to movies, shows and IPL streaming",2024-10-20T07:00:00Z,Digit,,
Jio merger,Google,www.news.google.com./read/CBMijAFBVV95cUxPeFAyWV9wdDVqaEEyYTFaWkYtWEI2d3V2TUwtdGdzQ1hKU3dCOWFnS0dQdWpoZ21aY0tNV3p6eGhsbFptWmhOaFJFNXFFQnZzTmVCNGtvaGlxVEF3eVJ1dExpakk2YUM0M0FLYzNLWU1lbGZqV1Q2d2JldWlsajBNd3J3d3lQREx3dGFhedIBkgFBVV95cUxNaEh1QUYyVHJQUHBGcXFNcl9QTHVFbExXdnRxUUJ5aGFWSUdGaGQxZURPdHFJQ3NfcVg4TmNQMUYzYlpBcmwtTDZ5azRMdllxN1E4ZjVlQ2dqeVV3M1ptaWV6NmthRTFBcnM3M3lwT1ppd0lNQWlramw5Qi1ZSmswcV8tQ0JJbFhUazdVamUzVDNhQQ?hl=en-IN&gl=IN&ceid=IN%3Aen,Reliance-Disney Merger: What’s Happening Behind the Scenes?,2024-11-07T08:00:00Z,Inc42 Media,,
Jio merger,Google,www.news.google.com./read/CBMi1wFBVV95cUxPTjd0SU1ySXhVVzdvc3Y4MUZibzVjenRIdzRaSlBJRFRsaVNzTDVrZ3pUNGlvQ0phRHhVcFFVMVpYbXdyb0kyLWduX05EaF80SGVFQkdhVU5oWjVSRUJicElNUHlIaUR6VGZYVUlkSGNyOUlWQWR1dlBnRVdyblJFXzJNYWliSi00S2ZOMXdpclNNTzRXNWtiNzZkcksyYWtwdVJMTE9Rc1lYMkpZNjF3RHFxOUFCNEhJcy1FRFU0YXh1T0J6SDdjS3Q4VW0wS1RsX1o0QThSZ9IB3AFBVV95cUxOekQzTXRNaEZVV3dqV1FXX1F5U09lNnp2VEx0bGpKTkpBX0pFbFdwT0g1aGpJRF9lcUdTdVg2ZlRQc0NRTk94REE4SS0zQTJkdUxjOHAyTlVuWUY3bUZjaThvRFROMzhfOWV3ODVaYXVtblBhUlRtb0NPal9YN0hadzAyaFNSNTFOU25HdmxCa1dDZDZyTWtfY0FpazliTU0xUkhZSFA4LUNsbmV4TXUtUlQteE05djhkMDctWHlLNzlRM0JTVEpBZ2ljSGNGY0F2cU9jMWdhUXRTZGdM?hl=en-IN&gl=IN&ceid=IN%3Aen,Jio Mere Lal: Meet the secret superstar who outsmarted Reliance and secured JioHotstar.com,2024-10-24T07:00:00Z,India Today,,
Jio merger,Google,www.news.google.com./read/CBMiygFBVV95cUxPbGJSZ3BqamtsbFFGTnpTYkVOYzJka1BuUXQyTVA2Q281Z0FpSkxJRFctcFN5WEZ2WVZuRllTNV9hN1VTM2tDR2xDVjJtandETThDUjduX0REMDQ2Q0lhaHMzb2oxVnVKR1RJbkFLNHlsZk1Rck5hQ1Y0V043Wl92dHdQeGRVZ2ZWVlVmcldkUlpONUFfSXJwNFNWbVJ5N1FSRk84N2t1VjVUYmJOVl90dzRfdUtFUDhJM0RsY2FMZ1NJa2JWVlhya3h30gHPAUFVX3lxTE1Bc29SS2dVRllIZGJzazc0Rmw2UENRbFU5Z29OemNIOC1wUFB0V2Y5T0JFNVJNa1JKWFNWX0RFeFUtNjgzeEUzX3lNLTBwbmwwR2dkR1Y3c3IwSXBMUTBfZEZpZm5tTk1Hd2dOZnNpYmpJdHg5WGZPLVR6bnNnc1dlejBlajY0TEh4VTFJZWZyWnd6THNFcDFCZjBsQmdORExVN3JQSGRnSzFJZnlzVHlLaTJ2dG5mOEloRkVxM203cDlPdEVyTngtVHJ1TXh5QQ?hl=en-IN&gl=IN&ceid=IN%3Aen,Reliance-Disney merger: JioStar website goes live amid JioHotstar domain saga,2024-11-12T08:00:00Z,Mint,,
Jio merger,Google,www.news.google.com./read/CBMivwFBVV95cUxNYUM5djdabUExT0JVNllSQmVhc3FDZE5UdzB6dXg3d1pfZ2JvXy1LTjd1TlJMbmtlZG96azI0aWVJNWlNeGE0T3BFSXVTc0pPUUxkWHZRdm80OWhhQXg1Y1NrSGY1a09TTUhzbjZrenFfeTFpamVsVURyUTMtM3drRlFEeVhsamxwcXdneHBKT255X0lsR1BueGFpWG41NVNhODNuWnlKLTFTUzFjVXpnVU5kNlFsUVFVcWVkbmFvZ9IBxgFBVV95cUxQRUVSOG94M0pUcUdkU29PcGhDN2RtTWs1a0ZFLWl2bWxqamtIUjFXOFBIQVZ4MFo1dHBqMGJkSTJmVkxxbktQdkx1am1WUGxvODczLWZQRkpxcGlwV0NuS21DUGN5REVNaGJ2NGZZZ3hSeFhiSnAwUFZIZnZXMWxJcnpHSk1SeVNmRWE4OXJSWUhtWDU3MnJ5MmtrWlB6bm9LVGY0S3pOV2ZNVWpRdlFuMmNVWXE3NjBrYkdsT0trUEJRTFNLeVE?hl=en-IN&gl=IN&ceid=IN%3Aen,Reliance Jio & Disney star complete merger to create $8.5-bn JV,2024-11-15T08:00:00Z,BusinessLine,,
Jio merger,Google,www.news.google.com./read/CBMi7gFBVV95cUxOS2Y1bXJOaWlYUmVQS0gwbGk3WF9KcVpWczV5SDE4czNhVW5VTmpyYWtKTU1VV0Y5MUtxaG9NZk1hTktXTGZOZ29pSExlQjIxWk91aGFOSzFhV05LTTNFTEtsRnJNTUpjU3ZnQXhZM0RBMGFyZW1aVURtZW0wZ0REcE1rdWpLaDBVN3puTWotVjAyUHBYRk54ODJITHRJRlZnemlPdDhsb1dYakhMR1JlMnc0bDZrYUVlWWo0WmVRQXVRbDktcTRRVl9sNUpWZ3Y0dXVibUR5cXZGSkJaTzdoTGlXM3owSTVmbTRCNEhR0gHzAUFVX3lxTE12d0phNDdKVzJORngtT3otQzJ4S3NYQkxOalNsLXBySGNRMU1UbWZWcmZZT0dXOXJZX3lMdTFTbG9feHNzcnVVdzZFeWxRbnFlSmJkbDhQaEp4OGFNWmhIX3laMnhDWG44NDRKeW5nZ1JLQUk5RWVqcV9iVUl5cHZENnBfNTRRWWVla0dPQkxlTjliaDhqVG8zM1BrcXNOQW1wSDNlVDBPNjFJU3Q4bHZ5QU1wS1JyZkVjVXRBX2IzazVSNTNZb3Jyc2lnUDdYQXBKYTdPa21IRTBqZkZvRUJ6WkhTVGFOUWx2Sy04aDZ2aXM3UQ?hl=en-IN&gl=IN&ceid=IN%3Aen,"Jio Star website goes live ahead of Jio, Disney+ Hostar merger, ends Jio Hotstar domain discussion",2024-11-12T08:00:00Z,India TV News,,
Jio merger,Google,www.news.google.com./read/CBMiigJBVV95cUxQWEk5S0I0RFN5Y2RiQ3A5aFh5WkRMdi1hVi1zMFpFZ1dBODJSSVVhNnNQSEJqcnBOanBNX1pSV2FSU01ITTlZV3pjT2lybGwyNlZuQkhoOUVOVXlITVVOMUdEVHNPYjhLQTc0cEowb2J0YjA3djJzWkhyS3FwNmVZcXVLM3hBVUN2R1l2QWhJcTlQTzN0bEhQaGZZZjE5NDhZenE4RDJHWkw2Sm44ODgxeVVOTWZGZGthMkVTQnU5QzcwLWZSam91OHdZMWdUOUN0TGV6N08tNVdSenE1SW9Qb3IyUG94Rnc0cGZiVm9yblBnSXJkaXBDR3FKU1BmQkdFMFNxdVI4WS1XZ9IBjwJBVV95cUxQbzFjZ2VEZEtGckVCSXcxQURRdHEzQWdraXBCQzlqOTI1T1JUQmQ5SXprRXJla09hVWNzU282MFBxU0Z6b0IwMERwd0dTRlBLc2xOYWZtaGo3Q0hub3pvTEUxTnVRbzdpLWZJNDhMV1pXUFg3MXgtdC1pcGtIRkZzY3pnLTdyTHdRMnRUR3FXUWdfVU1rTTlYSmNCajF3bDNyTjFzdU1zQWZZWFl2SUFmcm5TYXI1UGFIdlFSaXZOUTlUd01vUzFiczJfdkc1T1RCN1N6THg0VWtpdnpua1dUTS1lU2hKT3RZZElUalRQdUVra0RvOW9LUXBrTW5zQU9ZeDJRc3B4TjdkUDRPNjNz?hl=en-IN&gl=IN&ceid=IN%3Aen,"Reliance, Disney finalise $8.5B merger of Indian assets; no clarity if JioCinema, Hotstar will merge into JioHotstar",2024-11-15T08:00:00Z,Hindustan Times,,
Jio merger,Google,www.news.google.com./read/CBMi8AFBVV95cUxNZVNOSUh5NUFGcmpNa05nSlFmckR4azJkbmV5S204ZDM0b3Fady14Q3B4WHA1ek1DRUJKekJZaEtiM3EtRVhYdHJ2VXplY2lvMnBuZnhWQm02STRsNnNxMGhyZ2R3RGwzdWxpWXdoWmtRbVpnc2M0RjdiRE9JbE1HaHB2MUV6UnctdzljRlVGa0VKZ3NpYV9xaXYxa3lTTm9OMDNZSDFybzVfcWxuUW9EdU5SbVphbzBRTThva1FGUzMyQjJHOVJvUFJncEhXVzBfa1hhd3VUeW81YzRQU1dTWmJhbmRYSE1DOHUtN2hwdlc?hl=en-IN&gl=IN&ceid=IN%3Aen,Reliance to retain Disney+ Hotstar as primary platform after JioCinema merger: Report,2024-10-23T07:00:00Z,Business Today,,
Jio merger,Yahoo,https://www.yahoo.com/entertainment/india-jio-studios-chief-reveals-024500157.html?fr=sycsrp_catchall,"India’s Jio Studios Chief Reveals Slate, Strategy: ‘We’ve Hit a Purple Patch,...",10 months ago · ,Variety ·  via Yahoo News,,
Jio merger,Yahoo,https://finance.yahoo.com/news/reliance-spin-off-jio-financial-044345942.html?fr=sycsrp_catchall,"Reliance's Jio Financial hits limit-down on debut, valued at $19 billion",1 year ago · ,Reuters ·  via Yahoo Finance,,
Jio merger,Yahoo,https://www.yahoo.com/entertainment/disney-mukesh-ambani-reliance-industries-112217301.html?fr=sycsrp_catchall,Disney and Mukesh Ambani’s Reliance Industries Edge Closer to Massive India TV...,1 year ago · ,Variety ·  via Yahoo News,,
Jio merger,Yahoo,https://www.yahoo.com/entertainment/6-billion-ipl-cricket-series-133000163.html?fr=sycsrp_catchall,Will the $6 Billion IPL Cricket Series Mean Disney is Hit for Six in India?,2 years ago · ,Variety ·  via Yahoo News,,
Jio merger,Yahoo,https://www.yahoo.com/entertainment/sony-zee-merger-turning-point-141430708.html?fr=sycsrp_catchall,"Will the Sony-Zee Merger Be a Turning Point in Indian Media, or Another...",1 year ago · ,Variety ·  via Yahoo News,,
Jio merger,Yahoo,https://www.yahoo.com/entertainment/sony-calls-off-10-billion-063609541.html?fr=sycsrp_catchall,Sony Calls Off $10 Billion Merger With Indian TV Giant Zee Entertainment...,1 year ago · ,Variety ·  via Yahoo News,,
Jio merger,Yahoo,https://finance.yahoo.com/news/indias-vodafone-idea-misses-q4-145114735.html?fr=sycsrp_catchall,India's Vodafone Idea misses Q4 revenue view as subscriber base narrows,9 months ago · ,Reuters ·  via Yahoo Finance,,
Jio merger,Yahoo,https://finance.yahoo.com/news/indias-vodafone-idea-reports-lower-143418326.html?fr=sycsrp_catchall,India's Vodafone Idea reports lower-than-expected Q1 loss on reduced expenses,6 months ago · ,Reuters ·  via Yahoo Finance,,
Jio merger,Yahoo,https://finance.yahoo.com/news/disney-talks-mukesh-ambanis-reliance-090020066.html?fr=sycsrp_catchall,Disney In Talks With Mukesh Ambani's Reliance For Mega Indian Media Merger,1 year ago · ,Benzinga ·  via Yahoo Finance,,
Jio merger,Yahoo,https://finance.yahoo.com/news/disney-reliance-8-5-billion-154919851.html?fr=sycsrp_catchall,Disney-Reliance $8.5 Billion Media Merger Faces Antitrust Scrutiny in India Over...,6 months ago · ,Variety ·  via Yahoo Finance,,
Jio merger,Bing,,IPL 2025 ad rates spike 25-30% following JioStar merger,,Business Line,https://www.thehindubusinessline.com/companies/ipl-2025-ad-rates-spike-25-30-following-jiostar-merger/article69142928.ece,9 days ago
Jio merger,Bing,,Ex Disney+ Hotstar head Sajith Sivanandan joins Jio Mobile Digital Services as president,,The Hindu,https://www.thehindu.com/sci-tech/technology/ex-disney-hotstar-head-sajith-sivanandan-joins-jio-mobile-digital-services-as-president/article69126555.ece,13 days ago
Jio merger,Bing,,Reliance Jio,,NDTV,https://www.ndtv.com/topic/reliance-jio,5 days ago
Jio merger,Bing,,Jio Phone 5G,,gadgets360,https://www.gadgets360.com/jio-phone-5g-price-in-india-112492,2 days ago
Jio merger,Bing,,Jio Star channel bouquet pricing revealed: What it means for your TV bills,,India TV,https://www.indiatvnews.com/technology/news/jio-star-channel-bouquet-pricing-revealed-what-it-means-for-your-tv-bills-2025-01-05-969661,05/01/2025
Jio merger,Bing,,Jio Financial Services Share Price,,Indiatimes,https://economictimes.indiatimes.com/jio-financial-services-ltd/stocks/companyid-14555.cms,4 days ago
Jio merger,Bing,,Jio Financial Services Share Price Live Today,,cnbctv18,https://www.cnbctv18.com/market/stocks/jio-financial-services-share-price/JFS/,3 days ago
Jio merger,Bing,,Jio delivers significant savings with free Netflix for 84 days on two plans featuring free calling,,India TV,https://www.indiatvnews.com/technology/news/jio-delivers-significant-savings-with-free-netflix-for-84-days-on-two-plans-featuring-free-calling-2025-01-06-969775,06/01/2025
Jio merger,Bing,,Jio All-In-One Explained: Here's the List of Jio All-In-One Plans,,GIZBOT,https://www.gizbot.com/telecom/features/jio-all-in-one-explained-heres-the-list-of-jio-all-in-one-plans-108103.html,11/01/2025
Jio Bankrupt,Google,www.news.google.com./read/CBMiwgFBVV95cUxORUp3ZDQwVTZBQU5UM0hReDNyMVJaMEtPcXlBZTY4LThkWkVscnZ0aVl5Nmcwd3dMbTNqZDJnbVotWW41UTF2SzQ5UmlxbjlEb1dscFhpeUwweEJqLTRmOVhnMTNhWVU3bllZTFVQLTc2WXY2XzlHd2JWWWU0OUlpQkxQT0NJX3hENVNYa1lpWHlmV0pleXZURHpVV1Q3V2JqTnhpMEpNeFdEcEtDV25ubUZrNVJ0ckQ2T3pJNUgtSFhfUdIBxwFBVV95cUxQbFJhRENkVUhfNXdCeUZISUxQOTd2ZzkwV1o2RUVORFRHOFNpd2FBdWNqa3FvT2pITmRweXNFcHM4TGlhOGQ0TVBaSzg1ZWNDaTgwMmVKRTAyUzdPTlQzQTVjR01ic1ZRXzg4Xy1ncWNCZXY1ZmJHcUd5cWFzdF9sOU40MXNDcndWSFVfdXgyWTBjbXI3V1ExRjZ0cmFWZjZYS0RxLUh4bzc2YmpNOFFTUm1jU3hWV1piUzgxdXkxV3hKMTNJMnFv?hl=en-IN&gl=IN&ceid=IN%3Aen,Reliance Infratel Insolvency: Supreme Court Restores Four Entities As Financial Creditors,2024-12-20T08:00:00Z,NDTV Profit,,
Jio Bankrupt,Google,www.news.google.com./read/CBMi7wFBVV95cUxQRV8zdmpadjRiWXVpb0JucEIyRGR1UlFIRHpObFpfQXdzNFJIWTV2dHJTYi00M2hpZXlBNXY2NDc1Rmk3U3RQMzVNbFJMY1lrdkZWQXQtbEVobi00UmNEZ0w5bWZOU0xGNVhhdWpEanIteURsUHZQaVJKUG5DdnV0emduWXM5SDh0RWg2ekRwekxsaFRRTjhjNERNdkxRRkNXdHNTUGEwRTFIN2lBMmxzZWdLZy1MYk1jaHF4WnB4M3JQQ080b2VhTmxvb1l6M3B0cHloQTMwN2wyUW9oRG5YbGZxYTdUNlhCQmsxZXZDWdIB9AFBVV95cUxOWEp1clJsVXNHeEhxd00xQTEyNENXZnZORUhXdGdVX1FpZWF3TGRyb25taDMwVjZuY0pnWmtDalFUNUlyaGdhZE5XMlFmWjRoakk3U3FiaUszbGY3R0VObVF6a3BpM3hZRXdOX09ZYUJCTGZUZWdMVXRpdEVjTVdxazYxajF0d2ZjWkNVQlhxQVFsUGV1RjdDWTFTTGlyRm1kUlZXUzRlWkIwOHQwZHVtcnd1dTRJVzgxYjM3ZkxTaVV2UW1hMTIxVDhtaXJYbVZVZ0Z1dU5rS0RmdUI2UmNrOUFwNm1oelZ2d1RaNVVSMHFNUEJx?hl=en-IN&gl=IN&ceid=IN%3Aen,Jio moves NCLT for early resolution of Reliance Infratel bankruptcy process,2022-11-06T07:00:00Z,The Economic Times,,
Jio Bankrupt,Google,www.news.google.com./read/CBMi-gFBVV95cUxNTnA3MTFGaEhoU0prTVEyWnRCclJPWUxFclp1NGZxUTlKTTV4dm1oeDY4UU1iLXZoTE92Sk9sbXo4YWtsbTd2Qy02dUpOUzhsVTB6Slo5NGRsVFJ2cU9WWFFjLVVpUTM1OTJMbWZaZVFxejNDT2REQjRQSjQ2NmItTnJKTjRYczYzWjZiUDJkdEdULVVnbjNFUnF5MUptRUg4U2lhVy1qSFh3VFl0ckthdjJvMy1hVWVKWDhGRWd2aDA5ZjhQUjEwY2lhUDJWUnlpWWlzRnh5aW5JdENzVGNqdVBPX2NxVVdmRXpqRl9YdG9DcG0yd1B2a2NR0gH_AUFVX3lxTE1LeGUxNlhHaGpidFVsdUE5a1c2alpuSGtBYXZxZDZIRmpvbGJ1Zlo0TllpYVpVNTREdEw4Nzlaa2dmNFpib0t6UGpkSnV6NVIxbWFzSzc5V3pCSjlpUEhIYWhCT3BwMVdIeWFIcnJ3eC1iWnNnYlVwTzJOZHdqRHhaRjd2Ulk5Q1pLZ21FZGt3S002cG5yNDlVN3lLTEJ0WWlfWDNOVTNPamY4V2FTbF94djdtYTJIdGNVVTlTdWdQeTU3c2F6OHZHLTRKZWNEemNTQkZTV0dyR2ZjaG4yQWlObDhhZ3pINUptV0syOHc5Vmo3Z0ZJR09KcTRwNVZSQQ?hl=en-IN&gl=IN&ceid=IN%3Aen,"BSNL ‘sinking deep’ in crisis amid user churn to Jio, Airtel, delay in 4G gear supply: Employees union",2024-02-16T08:00:00Z,ETTelecom,,
Jio Bankrupt,Google,www.news.google.com./read/CBMizwFBVV95cUxPSUhac3ZrVEwxd0pPY3FCeFRQWHg0djl1QVYybk1kdE42eHpmM0NYNlZ2R09QWTdzWUFwblhseFMxNko5SUFNM3ljVGlzRVZ5MkRUMzh2MjJqOGRkVTdTVGdUc3JKVmw1UGhVMlRMNFdfSkpsVGxNOTh6Z014ZHV5RDZFbHZSUk5NMmM0dExqeGdUZ2htVmExYllXMF9TZWxnc2lDWGVJMUJnbG54SXNSaTdlTWZjS2p6RHlkcTBXbzlrZ1JjS3M3SUF5UnJkZ1U?hl=en-IN&gl=IN&ceid=IN%3Aen,Jio to acquire debt-laden Reliance Infratel after NCLT’s approval,2022-11-23T08:00:00Z,Business Today,,
Jio Bankrupt,Google,www.news.google.com./read/CBMi2gFBVV95cUxPd0ZyTjJOZk9FbS1sY3NJWkF2QTBld19mdmtQN0c2ODNyYzdtQnZIM2hkNTRuOGlqSUZVVGxiMFJUSWpaZ1JLajg5VnZ5QjdWa0FfTV8yN1NqZm5fX1RhNld0bEJ3ZGNvNERjeHJPV2hfeTZkbHFXb0tmVk1CbHRhU19MSXdVZldTR3NDMVBsRUV1NTJZLXhuLTM3ekZDcHd0bEloRHhkZTMtcnh0a1ZVUEVVNHF2NzI3bndNTnZEQW5IbzAta1VvcW1QeHlnU2NqajhJMlFnbEtjUdIB3wFBVV95cUxPVElQUzVxdENMX1l4SnNKX0g4bnBNaHdpNEdYMGdUUzlpZVVLbGRmVHJMd1JJS2Z0ZldpbHd4c2xadTZDU01PUmZlVzZubXlSU0pFTF9hVHdlWXpMWW43b3Z1QzVTWjIxRHhtNGpldGhuNWNrOEJ1UVFvOU4tWDVKX3dRUHVmN0hqMmI5eWhHUTFKOGxVdXZ2c3hTX0lpVW5GTGlrWjBZM19pRGtEYlNhaVpjeHB4dS1uNzVZT2l5WmI3d0sxbDJCaTZ2dFFVUzZ3aXEtZndVMkJKTjViWEI4?hl=en-IN&gl=IN&ceid=IN%3Aen,Mukesh Ambani's Reliance Jio planning to bid for brother Anil's RCom in bankruptcy,2019-07-17T07:00:00Z,India Today,,
Jio Bankrupt,Google,www.news.google.com./read/CBMiqgFBVV95cUxQbWNLZ1hJTElOcWZ4U0UxWUlzOVNvMXplY3N3eVlsZE5PelN1X202aFdVbU83TVNCaTc3U3RTTnR2T1VxbXU1cVlObEFXRXpwYVFmSXlKTGlVdGNyZGM2cXRITUk0U19qdURrVlFZTGluc2NhbFVmaVhSOERaS1lMS3IyaGMxVEZtYVd6cjdpRWpZR2ZuM0x3MS01MVZCY3ZlSm14V0poVFpCZ9IBrwFBVV95cUxOWF9ZRGdUUG9DTzVjVkVrXy11MnM3aThBc1lqQTlYalZ3VFlRNWNJUkVQdV9xbzMyT2pFeXJxSnNBVW5DbkNtaHJNNGEwUVhqLVBQS1BwQzVZZS12VnYzNXNkV2UtZUJFdkxnelJDa0Q1NFdQQk00eU53UHliRVQ0ZmxIS0R4U0F5RnhQYmJGNTZsTThWVzlNQTUyTmRINEs5Nl9NNEVfZnRYMXBzdVE4?hl=en-IN&gl=IN&ceid=IN%3Aen,"Jio deposits ₹3,720 cr to take over Rel Infratel",2022-12-22T08:00:00Z,Mint,,
Jio Bankrupt,Google,www.news.google.com./read/CBMinwFBVV95cUxNOEphQzdmV181WUt4MmpJUF9lOU1YM1V3V2ViNTRKc1VMVTZwWG1hcTJMTGo0NzhQbXd3YWRIQXByd1Zzd2J3dlZlaF96V1ZRcUc1MnBTUVZ0dmV0TGtSZ045U01ONGp5YmJJSTg0ZzJNOFNVQzV3cV84YVZSY05hS2NQY1RoQW9zcm1RYmF5QWtHT0hrV2hjR3hTb2FFYlnSAaQBQVVfeXFMUEFiVnBqTEw3OFZodVBZdUZGaWhFdjFhajRVaXRHLVVna1VNU2hJR3JKMHpWbkZhdHg3enBINldCOUVfMUk2R2NjY01vckpCYkdHdEVVcS1VOXYzRjNUamRxMEQ2UDQxS2EtQndZSFF0a3dlUWJaZEZfOXJpSVFOUEszVGNOdG9FUUVCZjV3Qk1EdUQtcnFoQXJfaDcxTml3S1JBdVE?hl=en-IN&gl=IN&ceid=IN%3Aen,Reliance-backed Hanooman to make new saga as India’s ChatGPT-style service,2024-02-21T08:00:00Z,Lifestyle Asia India,,
Jio Bankrupt,Google,www.news.google.com./read/CBMi2gFBVV95cUxOemZjNE12UlNVWnBJaTJsVnA4Q0xPOUZoUUVCcjFkdktSanRrcHQ0bS1odDQ3ZjNQeGlHaWotZUtUZlFDdEpBWXpBNElvUThIZTZQNEVXZF96T3pFN0lsWFFhUjFad0xnNTl0SktKbFNNMXk3eWRYT1NWNl81QUxob0R5RWZoTVc0YUk2bTNWNUVzTHJJaDdWWXBjb1g2Rm8zb0RQUTJ3cjhlcjdjUkxmSFByNUo4UU91NTZiMGFrLWJVT0xBQkdnN3ExY2Z5TlFwMFY5dVUydVd6QdIB3wFBVV95cUxQVEhlMS10Nld5MGktdUh1ZmptaDVHZHliYmRjbUh6NUh3cE12MHBPZzBaZUxReHE3dEVfQkthdTBPRWFfdFBoc3BzTGVDeHBrU2RzaVpuNkxXMUp4anFsWlExbVRKSkRlTEJWRW9KcmlTSUtxaVIyVkoyRnlUd04tVXkxVFRYSlFQNHRTVDJuUjQwSEE5d1Q2NlJnOUMxQ19aRmNHQVRCMXZUc1VPYmZRejJkQVJrNG8zbWRLRDhnYjBwanBJRE5YeHNkV0NiX20wVjVhYTZmMk9uM0d1SnF3?hl=en-IN&gl=IN&ceid=IN%3Aen,Creditors approve Reliance Capital infusing Rs 200 cr in insurance arm,2023-07-19T07:00:00Z,Business Standard,,
Jio Bankrupt,Google,www.news.google.com./read/CBMirwFBVV95cUxQbHVKNDNNdktiYkRvRUxiZ0lmdmhqTkJoa252Y082Z19fQWh5OU44UFhzNGNnQXVacmtScnR2clN0VlFVZTVlZERmRTBVLXNMTzVMNFRNQzB1S3gwRFlkY0NzRUVHY1VwN1dpSl8yWWRBajI0cFlXSmoxeTdUMVduUzBmSjJYWElrQllncmtaVG9JQlRObnJLUjE0ZVNUZVpOUFpqZ2w5c0xfZkQ4bW9R?hl=en-IN&gl=IN&ceid=IN%3Aen,How Mukesh Ambani will split his empire to avoid dad’s folly,2022-06-29T07:00:00Z,Deccan Herald,,
Jio Bankrupt,Google,www.news.google.com./read/CBMirgFBVV95cUxNS2dDR0c0QWM4SHFaZzJVRUhnaHhXUkRueHY1djVhX05yRHhmdkZyaWFqNUN1UHg5N0NyS1BBQl9valhId0FhcGdnU2d2RlBvNjJyU2Q2b0FfRVFPSUNxdDZmWHc3cXRqT29IY3RzNDN0cjdzNGZJdjBpX3dvSU1jNXduM1JGVXJZWVMzSUVtNUIzRmVtT09TZGhLU09aWElSMXlzVmxmQ0Y2YXkxV1HSAbsBQVVfeXFMTmpUSWdoeG5FOUhxdlJIVm5OUFhFWExIVlgtdEV0cXpYYnRaczhYOElNaUFEQ3ZkSE55V0dkem9lekY1RjgtUjdCSnZkUHA5Z3Y4X0FaWlA4TUR2SG9PNk42VTlwZ3VxQjdhV3NWa21zYXFoZjQ4OUgta3d1eFJFakVBckk3LXFCRHE1WW81Rm5jeDJQM1l4blQ0ZVFlakdzXzV6emZNSWdyY2M4eVlqSEJ4YU1taDRtSjdaRQ?hl=en-IN&gl=IN&ceid=IN%3Aen,"Jio completes 100% acquisition of Reliance Infratel for ₹3,720 cr’",2022-12-23T08:00:00Z,Fortune India,,
Jio Bankrupt,Yahoo,https://www.yahoo.com/news/meet-ambanis-live-1-billion-103312995.html?fr=sycsrp_catchall,"Meet the Ambanis, who live in a $1 billion skyscraper and mingle with royals and...",11 months ago · ,Business Insider ·  via Yahoo News,,
Jio Bankrupt,Bing,,Jio Financial Services Share Price,,Indiatimes,https://economictimes.indiatimes.com/jio-financial-services-ltd/stocks/companyid-14555.cms,4 days ago
Jio Bankrupt,Bing,,"Reliance Jio launches 5.5G network, promises 10 Gbps speeds: All you need to know",,Business Today,https://www.businesstoday.in/technology/news/story/reliance-jio-launches-55g-network-promises-10gbps-speeds-all-you-need-to-know-460286-2025-01-10,10/01/2025
Jio Bankrupt,Bing,,Jio Financial Services Share Price Highlights: Jio Financial Services closes lower at Rs 289.25,,Indiatimes,https://economictimes.indiatimes.com/markets/stocks/stock-liveblog/jio-financial-services-stock-price-livestock-price-today-live-updates-09-jan-2025/liveblog/117069881.cms,09/01/2025
Jio Bankrupt,Bing,,Jio Financial Services Share Price Live Today,,cnbctv18,https://www.cnbctv18.com/market/stocks/jio-financial-services-share-price/JFS/,3 days ago
Jio Bankrupt,Bing,,Jio seeks increased 5G monetization with its 5G FWA offering,,RCR Wireless News,https://www.rcrwireless.com/20250110/featured/jio-5g-monetization-fwa,10/01/2025
Jio Bankrupt,Bing,,Jio delivers significant savings with free Netflix for 84 days on two plans featuring free calling,,India TV,https://www.indiatvnews.com/technology/news/jio-delivers-significant-savings-with-free-netflix-for-84-days-on-two-plans-featuring-free-calling-2025-01-06-969775,06/01/2025
Jio Bankrupt,Bing,,Jio All-In-One Explained: Here's the List of Jio All-In-One Plans,,GIZBOT,https://www.gizbot.com/telecom/features/jio-all-in-one-explained-heres-the-list-of-jio-all-in-one-plans-108103.html,11/01/2025
